[2026-05-29 11:23:23Z INFO HostContext] No proxy settings were found based on environmental variables (http_proxy/https_proxy/HTTP_PROXY/HTTPS_PROXY)
[2026-05-29 11:23:23Z INFO HostContext] Well known directory 'Bin': 'F:\GitHubActions\actions-runner\bin'
[2026-05-29 11:23:23Z INFO HostContext] Well known directory 'Root': 'F:\GitHubActions\actions-runner'
[2026-05-29 11:23:23Z INFO HostContext] Well known config file 'Credentials': 'F:\GitHubActions\actions-runner\.credentials'
[2026-05-29 11:23:24Z INFO HostContext] Well known directory 'Bin': 'F:\GitHubActions\actions-runner\bin'
[2026-05-29 11:23:24Z INFO HostContext] Well known directory 'Root': 'F:\GitHubActions\actions-runner'
[2026-05-29 11:23:24Z INFO HostContext] Well known config file 'Runner': 'F:\GitHubActions\actions-runner\.runner'
[2026-05-29 11:23:24Z INFO Worker] Version: 2.334.0
[2026-05-29 11:23:24Z INFO Worker] Commit: f1995ede5d885c997d13d8eca5467c4ce97fe69c
[2026-05-29 11:23:24Z INFO Worker] Culture: es-ES
[2026-05-29 11:23:24Z INFO Worker] UI Culture: es-ES
[2026-05-29 11:23:24Z INFO Worker] Waiting to receive the job message from the channel.
[2026-05-29 11:23:24Z INFO ProcessChannel] Receiving message of length 24221, with hash '8b9afa559fec204bc7e144d81f09ab35504b295fdfdf06a66ab76baf41e509e7'
[2026-05-29 11:23:24Z INFO Worker] Message received.
[2026-05-29 11:23:24Z INFO Worker] Job message:
 {
  "fileTable": [
    ".github/workflows/upper-build.yml"
  ],
  "mask": [
    {
      "type": "regex",
      "value": "***"
    },
    {
      "type": "regex",
      "value": "***"
    },
    {
      "type": "regex",
      "value": "***"
    },
    {
      "type": "regex",
      "value": "***"
    },
    {
      "type": "regex",
      "value": "***"
    },
    {
      "type": "regex",
      "value": "***"
    },
    {
      "type": "regex",
      "value": "***"
    },
    {
      "type": "regex",
      "value": "***"
    },
    {
      "type": "regex",
      "value": "***"
    },
    {
      "type": "regex",
      "value": "***"
    },
    {
      "type": "regex",
      "value": "***"
    },
    {
      "type": "regex",
      "value": "***"
    },
    {
      "type": "regex",
      "value": "***"
    },
    {
      "type": "regex",
      "value": "***"
    },
    {
      "type": "regex",
      "value": "***"
    },
    {
      "type": "regex",
      "value": "***"
    },
    {
      "type": "regex",
      "value": "***"
    },
    {
      "type": "regex",
      "value": "***"
    },
    {
      "type": "regex",
      "value": "***"
    },
    {
      "type": "regex",
      "value": "***"
    },
    {
      "type": "regex",
      "value": "***"
    },
    {
      "type": "regex",
      "value": "***"
    },
    {
      "type": "regex",
      "value": "***"
    },
    {
      "type": "regex",
      "value": "***"
    }
  ],
  "steps": [
    {
      "type": "action",
      "reference": {
        "type": "script"
      },
      "contextName": "__run",
      "inputs": {
        "type": 2,
        "map": [
          {
            "key": "script",
            "value": {
              "type": 0,
              "file": 1,
              "line": 14,
              "col": 16,
              "lit": "pwd && ls -al"
            }
          }
        ]
      },
      "condition": "success()",
      "id": "f70491b2-8dd4-4f01-b4af-ff87d1ef05c4",
      "name": "__run"
    },
    {
      "type": "action",
      "reference": {
        "type": "repository",
        "name": "actions/checkout",
        "ref": "v4",
        "repositoryType": "GitHub"
      },
      "contextName": "__actions_checkout",
      "condition": "success()",
      "id": "688d607f-cd8c-4a37-abee-19000ac1e78f",
      "name": "__actions_checkout"
    },
    {
      "type": "action",
      "reference": {
        "type": "script"
      },
      "contextName": "__run_2",
      "inputs": {
        "type": 2,
        "map": [
          {
            "key": "script",
            "value": {
              "type": 0,
              "file": 1,
              "line": 16,
              "col": 16,
              "lit": "pwd && ls -al"
            }
          }
        ]
      },
      "condition": "success()",
      "id": "b1e11ad1-aecb-46fa-b829-b4a9cafed28a",
      "name": "__run_2"
    },
    {
      "type": "action",
      "reference": {
        "type": "repository",
        "name": "actions/setup-go",
        "ref": "v5",
        "repositoryType": "GitHub"
      },
      "contextName": "__actions_setup-go",
      "inputs": {
        "type": 2,
        "file": 1,
        "line": 20,
        "col": 17,
        "map": [
          {
            "key": {
              "type": 0,
              "file": 1,
              "line": 20,
              "col": 17,
              "lit": "go-version"
            },
            "value": {
              "type": 0,
              "file": 1,
              "line": 20,
              "col": 29,
              "lit": "1.22"
            }
          }
        ]
      },
      "condition": "success()",
      "id": "a92dc889-8602-46ca-bb0d-f82ad09151c3",
      "name": "__actions_setup-go"
    },
    {
      "type": "action",
      "reference": {
        "type": "script"
      },
      "contextName": "__run_3",
      "inputs": {
        "type": 2,
        "map": [
          {
            "key": "script",
            "value": {
              "type": 0,
              "file": 1,
              "line": 21,
              "col": 16,
              "lit": "go version"
            }
          }
        ]
      },
      "condition": "success()",
      "id": "5f1beea9-ff2f-41a9-aa9f-78e1f407f8e4",
      "name": "__run_3"
    },
    {
      "type": "action",
      "reference": {
        "type": "script"
      },
      "contextName": "__run_4",
      "inputs": {
        "type": 2,
        "map": [
          {
            "key": "script",
            "value": {
              "type": 0,
              "file": 1,
              "line": 22,
              "col": 16,
              "lit": "go version"
            }
          }
        ]
      },
      "condition": "success()",
      "id": "00d57a50-0533-4d4d-a6ac-2f009c753481",
      "name": "__run_4"
    },
    {
      "type": "action",
      "reference": {
        "type": "script"
      },
      "contextName": "__run_5",
      "inputs": {
        "type": 2,
        "map": [
          {
            "key": "script",
            "value": {
              "type": 0,
              "file": 1,
              "line": 23,
              "col": 16,
              "lit": "ls\ngo build\nls\ngo test\n./upper foo the bar\n"
            }
          },
          {
            "key": "workingDirectory",
            "value": {
              "type": 0,
              "file": 1,
              "line": 29,
              "col": 30,
              "lit": "upper"
            }
          }
        ]
      },
      "condition": "success()",
      "id": "1f79072b-7650-45dc-9c26-4bed6a8f2525",
      "name": "__run_5"
    }
  ],
  "variables": {
    "Actions.EnableHttpRedirects": {
      "value": "true"
    },
    "DistributedTask.AddWarningToNode12Action": {
      "value": "true"
    },
    "DistributedTask.AddWarningToNode16Action": {
      "value": "true"
    },
    "DistributedTask.AllowRunnerContainerHooks": {
      "value": "true"
    },
    "DistributedTask.DeprecateStepOutputCommands": {
      "value": "true"
    },
    "DistributedTask.DetailUntarFailure": {
      "value": "true"
    },
    "DistributedTask.EnableCompositeActions": {
      "value": "true"
    },
    "DistributedTask.EnableJobServerQueueTelemetry": {
      "value": "true"
    },
    "DistributedTask.EnhancedAnnotations": {
      "value": "true"
    },
    "DistributedTask.ForceGithubJavascriptActionsToNode16": {
      "value": "true"
    },
    "DistributedTask.ForceGithubJavascriptActionsToNode20": {
      "value": "true"
    },
    "DistributedTask.LogTemplateErrorsAsDebugMessages": {
      "value": "true"
    },
    "DistributedTask.MarkJobAsFailedOnWorkerCrash": {
      "value": "true"
    },
    "DistributedTask.NewActionMetadata": {
      "value": "true"
    },
    "DistributedTask.UploadStepSummary": {
      "value": "true"
    },
    "DistributedTask.UseActionArchiveCache": {
      "value": "true"
    },
    "DistributedTask.UseWhich2": {
      "value": "true"
    },
    "RunService.FixEmbeddedIssues": {
      "value": "true"
    },
    "actions.runner.requirenode24": {
      "value": "false"
    },
    "actions.runner.usenode24bydefault": {
      "value": "false"
    },
    "actions.runner.warnonnode20": {
      "value": "true"
    },
    "actions_add_check_run_id_to_job_context": {
      "value": "true"
    },
    "actions_batch_action_resolution": {
      "value": "false"
    },
    "actions_container_action_runner_temp": {
      "value": "true"
    },
    "actions_display_helpful_actions_download_errors": {
      "value": "true"
    },
    "actions_runner_compare_workflow_parser": {
      "value": "false"
    },
    "actions_runner_deprecate_linux_arm32": {
      "value": "false"
    },
    "actions_runner_emit_composite_markers": {
      "value": "false"
    },
    "actions_runner_kill_linux_arm32": {
      "value": "false"
    },
    "actions_runner_node20_removal_date": {
      "value": ""
    },
    "actions_runner_node24_default_date": {
      "value": ""
    },
    "actions_service_container_command": {
      "value": "true"
    },
    "actions_set_orchestration_id_env_for_actions": {
      "value": "true"
    },
    "actions_skip_retry_complete_job_upon_known_errors": {
      "value": "true"
    },
    "actions_snapshot_preflight_hosted_runner_check": {
      "value": "false"
    },
    "actions_snapshot_preflight_image_gen_pool_check": {
      "value": "false"
    },
    "actions_use_bearer_token_for_codeload": {
      "value": "false"
    },
    "actions_uses_cache_service_v2": {
      "value": "true"
    },
    "github_token": {
      "value": "***",
      "isSecret": true
    },
    "system.from_run_service": {
      "value": "true"
    },
    "system.github.job": {
      "value": "build"
    },
    "system.github.launch_endpoint": {
      "value": "https://launch.actions.githubusercontent.com"
    },
    "system.github.results_endpoint": {
      "value": "https://results-receiver.actions.githubusercontent.com/"
    },
    "system.github.results_upload_with_sdk": {
      "value": "true"
    },
    "system.github.token": {
      "value": "***",
      "isSecret": true
    },
    "system.github.token.permissions": {
      "value": "{\"Contents\":\"read\",\"Metadata\":\"read\",\"Packages\":\"read\"}"
    },
    "system.orchestrationId": {
      "value": "7cd1e666-9b24-4299-9fa5-a72ac3a704e9.build.__default"
    },
    "system.phaseDisplayName": {
      "value": "build"
    },
    "system.runner.lowdiskspacethreshold": {
      "value": "100"
    },
    "system.runnerEnvironment": {
      "value": "self-hosted"
    },
    "system.runnerGroupName": {
      "value": "Default"
    }
  },
  "messageType": "RunnerJobRequest",
  "plan": {
    "scopeIdentifier": "00000000-0000-0000-0000-000000000000",
    "planType": "actions",
    "version": 0,
    "planId": "7cd1e666-9b24-4299-9fa5-a72ac3a704e9",
    "planGroup": null,
    "artifactUri": null,
    "artifactLocation": null,
    "definition": null,
    "owner": null
  },
  "timeline": {
    "id": "7cd1e666-9b24-4299-9fa5-a72ac3a704e9",
    "changeId": 0,
    "location": null
  },
  "jobId": "b44a9261-02cc-59f1-8bd8-52bff52428e6",
  "jobDisplayName": "build",
  "jobName": "__default",
  "requestId": 0,
  "lockedUntil": "0001-01-01T00:00:00",
  "resources": {
    "endpoints": [
      {
        "data": {
          "ServerId": "",
          "ServerName": "",
          "CacheServerUrl": "https://artifactcache.actions.githubusercontent.com/zYrWeXOuYQ38Z0VcDn003RGy5rpHenn9nL0gBE2hH2KcY2mxqw/",
          "FeedStreamUrl": "wss://results-receiver.actions.githubusercontent.com/_ws/ingest.sock",
          "ResultsServiceUrl": "https://results-receiver.actions.githubusercontent.com/",
          "PipelinesServiceUrl": "https://pipelinesghubeus7.actions.githubusercontent.com/zYrWeXOuYQ38Z0VcDn003RGy5rpHenn9nL0gBE2hH2KcY2mxqw/",
          "GenerateIdTokenUrl": "",
          "ConnectivityChecks": "[\"https://broker.actions.githubusercontent.com/health\",\"https://token.actions.githubusercontent.com/ready\",\"https://run.actions.githubusercontent.com/health\"]"
        },
        "name": "SystemVssConnection",
        "url": "https://run-actions-3-azure-eastus.actions.githubusercontent.com/197/",
        "authorization": {
          "parameters": {
            "AccessToken": "***"
          },
          "scheme": "OAuth"
        },
        "isShared": false,
        "isReady": true
      }
    ]
  },
  "contextData": {
    "github": {
      "t": 2,
      "d": [
        {
          "k": "ref",
          "v": "refs/heads/main"
        },
        {
          "k": "sha",
          "v": "b77eb10e07f62be7ec82676cabbcc25219ad84b8"
        },
        {
          "k": "repository",
          "v": "jaimejaimebermejo-boop/GitHubActions"
        },
        {
          "k": "repository_owner",
          "v": "jaimejaimebermejo-boop"
        },
        {
          "k": "repository_owner_id",
          "v": "278073528"
        },
        {
          "k": "repositoryUrl",
          "v": "git://github.com/jaimejaimebermejo-boop/GitHubActions.git"
        },
        {
          "k": "run_id",
          "v": "26634411326"
        },
        {
          "k": "run_number",
          "v": "8"
        },
        {
          "k": "retention_days",
          "v": "90"
        },
        {
          "k": "run_attempt",
          "v": "1"
        },
        {
          "k": "artifact_cache_size_limit",
          "v": "10"
        },
        {
          "k": "repository_visibility",
          "v": "public"
        },
        {
          "k": "actor_id",
          "v": "278073528"
        },
        {
          "k": "actor",
          "v": "jaimejaimebermejo-boop"
        },
        {
          "k": "workflow",
          "v": "upper-build"
        },
        {
          "k": "head_ref",
          "v": ""
        },
        {
          "k": "base_ref",
          "v": ""
        },
        {
          "k": "event_name",
          "v": "push"
        },
        {
          "k": "server_url",
          "v": "https://github.com"
        },
        {
          "k": "api_url",
          "v": "https://api.github.com"
        },
        {
          "k": "graphql_url",
          "v": "https://api.github.com/graphql"
        },
        {
          "k": "ref_name",
          "v": "main"
        },
        {
          "k": "ref_protected",
          "v": false
        },
        {
          "k": "ref_type",
          "v": "branch"
        },
        {
          "k": "secret_source",
          "v": "Actions"
        },
        {
          "k": "event",
          "v": {
            "t": 2,
            "d": [
              {
                "k": "after",
                "v": "b77eb10e07f62be7ec82676cabbcc25219ad84b8"
              },
              {
                "k": "base_ref",
                "v": null
              },
              {
                "k": "before",
                "v": "bbae068bc9e6898f46f16af0da9e72b25c29feb3"
              },
              {
                "k": "commits",
                "v": {
                  "t": 1,
                  "a": [
                    {
                      "t": 2,
                      "d": [
                        {
                          "k": "author",
                          "v": {
                            "t": 2,
                            "d": [
                              {
                                "k": "email",
                                "v": "jaimejaimebermejo@gmail.com"
                              },
                              {
                                "k": "name",
                                "v": "jaimejaimebermejo-boop"
                              },
                              {
                                "k": "username",
                                "v": "jaimejaimebermejo-boop"
                              }
                            ]
                          }
                        },
                        {
                          "k": "committer",
                          "v": {
                            "t": 2,
                            "d": [
                              {
                                "k": "email",
                                "v": "jaimejaimebermejo@gmail.com"
                              },
                              {
                                "k": "name",
                                "v": "jaimejaimebermejo-boop"
                              },
                              {
                                "k": "username",
                                "v": "jaimejaimebermejo-boop"
                              }
                            ]
                          }
                        },
                        {
                          "k": "distinct",
                          "v": true
                        },
                        {
                          "k": "id",
                          "v": "b77eb10e07f62be7ec82676cabbcc25219ad84b8"
                        },
                        {
                          "k": "message",
                          "v": "self hosted"
                        },
                        {
                          "k": "timestamp",
                          "v": "2026-05-29T13:19:40+02:00"
                        },
                        {
                          "k": "tree_id",
                          "v": "dfb671ce266703ba5e7cead833e20c1826aee422"
                        },
                        {
                          "k": "url",
                          "v": "https://github.com/jaimejaimebermejo-boop/GitHubActions/commit/b77eb10e07f62be7ec82676cabbcc25219ad84b8"
                        }
                      ]
                    }
                  ]
                }
              },
              {
                "k": "compare",
                "v": "https://github.com/jaimejaimebermejo-boop/GitHubActions/compare/bbae068bc9e6...b77eb10e07f6"
              },
              {
                "k": "created",
                "v": false
              },
              {
                "k": "deleted",
                "v": false
              },
              {
                "k": "forced",
                "v": false
              },
              {
                "k": "head_commit",
                "v": {
                  "t": 2,
                  "d": [
                    {
                      "k": "author",
                      "v": {
                        "t": 2,
                        "d": [
                          {
                            "k": "email",
                            "v": "jaimejaimebermejo@gmail.com"
                          },
                          {
                            "k": "name",
                            "v": "jaimejaimebermejo-boop"
                          },
                          {
                            "k": "username",
                            "v": "jaimejaimebermejo-boop"
                          }
                        ]
                      }
                    },
                    {
                      "k": "committer",
                      "v": {
                        "t": 2,
                        "d": [
                          {
                            "k": "email",
                            "v": "jaimejaimebermejo@gmail.com"
                          },
                          {
                            "k": "name",
                            "v": "jaimejaimebermejo-boop"
                          },
                          {
                            "k": "username",
                            "v": "jaimejaimebermejo-boop"
                          }
                        ]
                      }
                    },
                    {
                      "k": "distinct",
                      "v": true
                    },
                    {
                      "k": "id",
                      "v": "b77eb10e07f62be7ec82676cabbcc25219ad84b8"
                    },
                    {
                      "k": "message",
                      "v": "self hosted"
                    },
                    {
                      "k": "timestamp",
                      "v": "2026-05-29T13:19:40+02:00"
                    },
                    {
                      "k": "tree_id",
                      "v": "dfb671ce266703ba5e7cead833e20c1826aee422"
                    },
                    {
                      "k": "url",
                      "v": "https://github.com/jaimejaimebermejo-boop/GitHubActions/commit/b77eb10e07f62be7ec82676cabbcc25219ad84b8"
                    }
                  ]
                }
              },
              {
                "k": "pusher",
                "v": {
                  "t": 2,
                  "d": [
                    {
                      "k": "email",
                      "v": "jaimejaimebermejo@gmail.com"
                    },
                    {
                      "k": "name",
                      "v": "jaimejaimebermejo-boop"
                    }
                  ]
                }
              },
              {
                "k": "ref",
                "v": "refs/heads/main"
              },
              {
                "k": "repository",
                "v": {
                  "t": 2,
                  "d": [
                    {
                      "k": "allow_forking",
                      "v": true
                    },
                    {
                      "k": "archive_url",
                      "v": "https://api.github.com/repos/jaimejaimebermejo-boop/GitHubActions/{archive_format}{/ref}"
                    },
                    {
                      "k": "archived",
                      "v": false
                    },
                    {
                      "k": "assignees_url",
                      "v": "https://api.github.com/repos/jaimejaimebermejo-boop/GitHubActions/assignees{/user}"
                    },
                    {
                      "k": "blobs_url",
                      "v": "https://api.github.com/repos/jaimejaimebermejo-boop/GitHubActions/git/blobs{/sha}"
                    },
                    {
                      "k": "branches_url",
                      "v": "https://api.github.com/repos/jaimejaimebermejo-boop/GitHubActions/branches{/branch}"
                    },
                    {
                      "k": "clone_url",
                      "v": "https://github.com/jaimejaimebermejo-boop/GitHubActions.git"
                    },
                    {
                      "k": "collaborators_url",
                      "v": "https://api.github.com/repos/jaimejaimebermejo-boop/GitHubActions/collaborators{/collaborator}"
                    },
                    {
                      "k": "comments_url",
                      "v": "https://api.github.com/repos/jaimejaimebermejo-boop/GitHubActions/comments{/number}"
                    },
                    {
                      "k": "commits_url",
                      "v": "https://api.github.com/repos/jaimejaimebermejo-boop/GitHubActions/commits{/sha}"
                    },
                    {
                      "k": "compare_url",
                      "v": "https://api.github.com/repos/jaimejaimebermejo-boop/GitHubActions/compare/{base}...{head}"
                    },
                    {
                      "k": "contents_url",
                      "v": "https://api.github.com/repos/jaimejaimebermejo-boop/GitHubActions/contents/{+path}"
                    },
                    {
                      "k": "contributors_url",
                      "v": "https://api.github.com/repos/jaimejaimebermejo-boop/GitHubActions/contributors"
                    },
                    {
                      "k": "created_at",
                      "v": 1779793251.0
                    },
                    {
                      "k": "default_branch",
                      "v": "main"
                    },
                    {
                      "k": "deployments_url",
                      "v": "https://api.github.com/repos/jaimejaimebermejo-boop/GitHubActions/deployments"
                    },
                    {
                      "k": "description",
                      "v": null
                    },
                    {
                      "k": "disabled",
                      "v": false
                    },
                    {
                      "k": "downloads_url",
                      "v": "https://api.github.com/repos/jaimejaimebermejo-boop/GitHubActions/downloads"
                    },
                    {
                      "k": "events_url",
                      "v": "https://api.github.com/repos/jaimejaimebermejo-boop/GitHubActions/events"
                    },
                    {
                      "k": "fork",
                      "v": false
                    },
                    {
                      "k": "forks",
                      "v": 0.0
                    },
                    {
                      "k": "forks_count",
                      "v": 0.0
                    },
                    {
                      "k": "forks_url",
                      "v": "https://api.github.com/repos/jaimejaimebermejo-boop/GitHubActions/forks"
                    },
                    {
                      "k": "full_name",
                      "v": "jaimejaimebermejo-boop/GitHubActions"
                    },
                    {
                      "k": "git_commits_url",
                      "v": "https://api.github.com/repos/jaimejaimebermejo-boop/GitHubActions/git/commits{/sha}"
                    },
                    {
                      "k": "git_refs_url",
                      "v": "https://api.github.com/repos/jaimejaimebermejo-boop/GitHubActions/git/refs{/sha}"
                    },
                    {
                      "k": "git_tags_url",
                      "v": "https://api.github.com/repos/jaimejaimebermejo-boop/GitHubActions/git/tags{/sha}"
                    },
                    {
                      "k": "git_url",
                      "v": "git://github.com/jaimejaimebermejo-boop/GitHubActions.git"
                    },
                    {
                      "k": "has_discussions",
                      "v": false
                    },
                    {
                      "k": "has_downloads",
                      "v": true
                    },
                    {
                      "k": "has_issues",
                      "v": true
                    },
                    {
                      "k": "has_pages",
                      "v": false
                    },
                    {
                      "k": "has_projects",
                      "v": true
                    },
                    {
                      "k": "has_pull_requests",
                      "v": true
                    },
                    {
                      "k": "has_wiki",
                      "v": true
                    },
                    {
                      "k": "homepage",
                      "v": null
                    },
                    {
                      "k": "hooks_url",
                      "v": "https://api.github.com/repos/jaimejaimebermejo-boop/GitHubActions/hooks"
                    },
                    {
                      "k": "html_url",
                      "v": "https://github.com/jaimejaimebermejo-boop/GitHubActions"
                    },
                    {
                      "k": "id",
                      "v": 1250152683.0
                    },
                    {
                      "k": "is_template",
                      "v": false
                    },
                    {
                      "k": "issue_comment_url",
                      "v": "https://api.github.com/repos/jaimejaimebermejo-boop/GitHubActions/issues/comments{/number}"
                    },
                    {
                      "k": "issue_events_url",
                      "v": "https://api.github.com/repos/jaimejaimebermejo-boop/GitHubActions/issues/events{/number}"
                    },
                    {
                      "k": "issues_url",
                      "v": "https://api.github.com/repos/jaimejaimebermejo-boop/GitHubActions/issues{/number}"
                    },
                    {
                      "k": "keys_url",
                      "v": "https://api.github.com/repos/jaimejaimebermejo-boop/GitHubActions/keys{/key_id}"
                    },
                    {
                      "k": "labels_url",
                      "v": "https://api.github.com/repos/jaimejaimebermejo-boop/GitHubActions/labels{/name}"
                    },
                    {
                      "k": "language",
                      "v": "C#"
                    },
                    {
                      "k": "languages_url",
                      "v": "https://api.github.com/repos/jaimejaimebermejo-boop/GitHubActions/languages"
                    },
                    {
                      "k": "license",
                      "v": null
                    },
                    {
                      "k": "master_branch",
                      "v": "main"
                    },
                    {
                      "k": "merges_url",
                      "v": "https://api.github.com/repos/jaimejaimebermejo-boop/GitHubActions/merges"
                    },
                    {
                      "k": "milestones_url",
                      "v": "https://api.github.com/repos/jaimejaimebermejo-boop/GitHubActions/milestones{/number}"
                    },
                    {
                      "k": "mirror_url",
                      "v": null
                    },
                    {
                      "k": "name",
                      "v": "GitHubActions"
                    },
                    {
                      "k": "node_id",
                      "v": "R_kgDOSoPQ6w"
                    },
                    {
                      "k": "notifications_url",
                      "v": "https://api.github.com/repos/jaimejaimebermejo-boop/GitHubActions/notifications{?since,all,participating}"
                    },
                    {
                      "k": "open_issues",
                      "v": 0.0
                    },
                    {
                      "k": "open_issues_count",
                      "v": 0.0
                    },
                    {
                      "k": "owner",
                      "v": {
                        "t": 2,
                        "d": [
                          {
                            "k": "avatar_url",
                            "v": "https://avatars.githubusercontent.com/u/278073528?v=4"
                          },
                          {
                            "k": "email",
                            "v": "jaimejaimebermejo@gmail.com"
                          },
                          {
                            "k": "events_url",
                            "v": "https://api.github.com/users/jaimejaimebermejo-boop/events{/privacy}"
                          },
                          {
                            "k": "followers_url",
                            "v": "https://api.github.com/users/jaimejaimebermejo-boop/followers"
                          },
                          {
                            "k": "following_url",
                            "v": "https://api.github.com/users/jaimejaimebermejo-boop/following{/other_user}"
                          },
                          {
                            "k": "gists_url",
                            "v": "https://api.github.com/users/jaimejaimebermejo-boop/gists{/gist_id}"
                          },
                          {
                            "k": "gravatar_id",
                            "v": ""
                          },
                          {
                            "k": "html_url",
                            "v": "https://github.com/jaimejaimebermejo-boop"
                          },
                          {
                            "k": "id",
                            "v": 278073528.0
                          },
                          {
                            "k": "login",
                            "v": "jaimejaimebermejo-boop"
                          },
                          {
                            "k": "name",
                            "v": "jaimejaimebermejo-boop"
                          },
                          {
                            "k": "node_id",
                            "v": "U_kgDOEJMQuA"
                          },
                          {
                            "k": "organizations_url",
                            "v": "https://api.github.com/users/jaimejaimebermejo-boop/orgs"
                          },
                          {
                            "k": "received_events_url",
                            "v": "https://api.github.com/users/jaimejaimebermejo-boop/received_events"
                          },
                          {
                            "k": "repos_url",
                            "v": "https://api.github.com/users/jaimejaimebermejo-boop/repos"
                          },
                          {
                            "k": "site_admin",
                            "v": false
                          },
                          {
                            "k": "starred_url",
                            "v": "https://api.github.com/users/jaimejaimebermejo-boop/starred{/owner}{/repo}"
                          },
                          {
                            "k": "subscriptions_url",
                            "v": "https://api.github.com/users/jaimejaimebermejo-boop/subscriptions"
                          },
                          {
                            "k": "type",
                            "v": "User"
                          },
                          {
                            "k": "url",
                            "v": "https://api.github.com/users/jaimejaimebermejo-boop"
                          },
                          {
                            "k": "user_view_type",
                            "v": "public"
                          }
                        ]
                      }
                    },
                    {
                      "k": "private",
                      "v": false
                    },
                    {
                      "k": "pull_request_creation_policy",
                      "v": "all"
                    },
                    {
                      "k": "pulls_url",
                      "v": "https://api.github.com/repos/jaimejaimebermejo-boop/GitHubActions/pulls{/number}"
                    },
                    {
                      "k": "pushed_at",
                      "v": 1780053740.0
                    },
                    {
                      "k": "releases_url",
                      "v": "https://api.github.com/repos/jaimejaimebermejo-boop/GitHubActions/releases{/id}"
                    },
                    {
                      "k": "size",
                      "v": 2976.0
                    },
                    {
                      "k": "ssh_url",
                      "v": "git@github.com:jaimejaimebermejo-boop/GitHubActions.git"
                    },
                    {
                      "k": "stargazers",
                      "v": 0.0
                    },
                    {
                      "k": "stargazers_count",
                      "v": 0.0
                    },
                    {
                      "k": "stargazers_url",
                      "v": "https://api.github.com/repos/jaimejaimebermejo-boop/GitHubActions/stargazers"
                    },
                    {
                      "k": "statuses_url",
                      "v": "https://api.github.com/repos/jaimejaimebermejo-boop/GitHubActions/statuses/{sha}"
                    },
                    {
                      "k": "subscribers_url",
                      "v": "https://api.github.com/repos/jaimejaimebermejo-boop/GitHubActions/subscribers"
                    },
                    {
                      "k": "subscription_url",
                      "v": "https://api.github.com/repos/jaimejaimebermejo-boop/GitHubActions/subscription"
                    },
                    {
                      "k": "svn_url",
                      "v": "https://github.com/jaimejaimebermejo-boop/GitHubActions"
                    },
                    {
                      "k": "tags_url",
                      "v": "https://api.github.com/repos/jaimejaimebermejo-boop/GitHubActions/tags"
                    },
                    {
                      "k": "teams_url",
                      "v": "https://api.github.com/repos/jaimejaimebermejo-boop/GitHubActions/teams"
                    },
                    {
                      "k": "topics",
                      "v": {
                        "t": 1
                      }
                    },
                    {
                      "k": "trees_url",
                      "v": "https://api.github.com/repos/jaimejaimebermejo-boop/GitHubActions/git/trees{/sha}"
                    },
                    {
                      "k": "updated_at",
                      "v": "2026-05-29T08:48:28Z"
                    },
                    {
                      "k": "url",
                      "v": "https://api.github.com/repos/jaimejaimebermejo-boop/GitHubActions"
                    },
                    {
                      "k": "visibility",
                      "v": "public"
                    },
                    {
                      "k": "watchers",
                      "v": 0.0
                    },
                    {
                      "k": "watchers_count",
                      "v": 0.0
                    },
                    {
                      "k": "web_commit_signoff_required",
                      "v": false
                    }
                  ]
                }
              },
              {
                "k": "sender",
                "v": {
                  "t": 2,
                  "d": [
                    {
                      "k": "avatar_url",
                      "v": "https://avatars.githubusercontent.com/u/278073528?v=4"
                    },
                    {
                      "k": "events_url",
                      "v": "https://api.github.com/users/jaimejaimebermejo-boop/events{/privacy}"
                    },
                    {
                      "k": "followers_url",
                      "v": "https://api.github.com/users/jaimejaimebermejo-boop/followers"
                    },
                    {
                      "k": "following_url",
                      "v": "https://api.github.com/users/jaimejaimebermejo-boop/following{/other_user}"
                    },
                    {
                      "k": "gists_url",
                      "v": "https://api.github.com/users/jaimejaimebermejo-boop/gists{/gist_id}"
                    },
                    {
                      "k": "gravatar_id",
                      "v": ""
                    },
                    {
                      "k": "html_url",
                      "v": "https://github.com/jaimejaimebermejo-boop"
                    },
                    {
                      "k": "id",
                      "v": 278073528.0
                    },
                    {
                      "k": "login",
                      "v": "jaimejaimebermejo-boop"
                    },
                    {
                      "k": "node_id",
                      "v": "U_kgDOEJMQuA"
                    },
                    {
                      "k": "organizations_url",
                      "v": "https://api.github.com/users/jaimejaimebermejo-boop/orgs"
                    },
                    {
                      "k": "received_events_url",
                      "v": "https://api.github.com/users/jaimejaimebermejo-boop/received_events"
                    },
                    {
                      "k": "repos_url",
                      "v": "https://api.github.com/users/jaimejaimebermejo-boop/repos"
                    },
                    {
                      "k": "site_admin",
                      "v": false
                    },
                    {
                      "k": "starred_url",
                      "v": "https://api.github.com/users/jaimejaimebermejo-boop/starred{/owner}{/repo}"
                    },
                    {
                      "k": "subscriptions_url",
                      "v": "https://api.github.com/users/jaimejaimebermejo-boop/subscriptions"
                    },
                    {
                      "k": "type",
                      "v": "User"
                    },
                    {
                      "k": "url",
                      "v": "https://api.github.com/users/jaimejaimebermejo-boop"
                    },
                    {
                      "k": "user_view_type",
                      "v": "public"
                    }
                  ]
                }
              }
            ]
          }
        },
        {
          "k": "workflow_ref",
          "v": "jaimejaimebermejo-boop/GitHubActions/.github/workflows/upper-build.yml@refs/heads/main"
        },
        {
          "k": "workflow_sha",
          "v": "b77eb10e07f62be7ec82676cabbcc25219ad84b8"
        },
        {
          "k": "repository_id",
          "v": "1250152683"
        },
        {
          "k": "triggering_actor",
          "v": "jaimejaimebermejo-boop"
        }
      ]
    },
    "inputs": {
      "t": 2
    },
    "job": {
      "t": 2,
      "d": [
        {
          "k": "check_run_id",
          "v": 78490958188.0
        },
        {
          "k": "workflow_ref",
          "v": "jaimejaimebermejo-boop/GitHubActions/.github/workflows/upper-build.yml@refs/heads/main"
        },
        {
          "k": "workflow_sha",
          "v": "b77eb10e07f62be7ec82676cabbcc25219ad84b8"
        },
        {
          "k": "workflow_repository",
          "v": "jaimejaimebermejo-boop/GitHubActions"
        },
        {
          "k": "workflow_file_path",
          "v": ".github/workflows/upper-build.yml"
        }
      ]
    },
    "matrix": null,
    "needs": {
      "t": 2
    },
    "strategy": {
      "t": 2,
      "d": [
        {
          "k": "fail-fast",
          "v": true
        },
        {
          "k": "job-index",
          "v": 0.0
        },
        {
          "k": "job-total",
          "v": 1.0
        },
        {
          "k": "max-parallel",
          "v": 1.0
        }
      ]
    },
    "vars": {
      "t": 2
    }
  },
  "billingOwnerId": "U_kgDOEJMQuA"
}
[2026-05-29 11:23:24Z INFO JobRunner] Job ID b44a9261-02cc-59f1-8bd8-52bff52428e6
[2026-05-29 11:23:24Z INFO ConfigurationStore] currentAssemblyLocation: F:\GitHubActions\actions-runner\bin\Runner.Worker.dll
[2026-05-29 11:23:24Z INFO HostContext] Well known directory 'Bin': 'F:\GitHubActions\actions-runner\bin'
[2026-05-29 11:23:24Z INFO ConfigurationStore] binPath: F:\GitHubActions\actions-runner\bin
[2026-05-29 11:23:24Z INFO HostContext] Well known directory 'Bin': 'F:\GitHubActions\actions-runner\bin'
[2026-05-29 11:23:24Z INFO HostContext] Well known directory 'Root': 'F:\GitHubActions\actions-runner'
[2026-05-29 11:23:24Z INFO ConfigurationStore] RootFolder: F:\GitHubActions\actions-runner
[2026-05-29 11:23:24Z INFO HostContext] Well known directory 'Bin': 'F:\GitHubActions\actions-runner\bin'
[2026-05-29 11:23:24Z INFO HostContext] Well known directory 'Root': 'F:\GitHubActions\actions-runner'
[2026-05-29 11:23:24Z INFO HostContext] Well known config file 'Runner': 'F:\GitHubActions\actions-runner\.runner'
[2026-05-29 11:23:24Z INFO ConfigurationStore] ConfigFilePath: F:\GitHubActions\actions-runner\.runner
[2026-05-29 11:23:24Z INFO HostContext] Well known directory 'Bin': 'F:\GitHubActions\actions-runner\bin'
[2026-05-29 11:23:24Z INFO HostContext] Well known directory 'Root': 'F:\GitHubActions\actions-runner'
[2026-05-29 11:23:24Z INFO HostContext] Well known config file 'MigratedRunner': 'F:\GitHubActions\actions-runner\.runner_migrated'
[2026-05-29 11:23:24Z INFO ConfigurationStore] MigratedConfigFilePath: F:\GitHubActions\actions-runner\.runner_migrated
[2026-05-29 11:23:24Z INFO HostContext] Well known directory 'Bin': 'F:\GitHubActions\actions-runner\bin'
[2026-05-29 11:23:24Z INFO HostContext] Well known directory 'Root': 'F:\GitHubActions\actions-runner'
[2026-05-29 11:23:24Z INFO HostContext] Well known config file 'Credentials': 'F:\GitHubActions\actions-runner\.credentials'
[2026-05-29 11:23:24Z INFO ConfigurationStore] CredFilePath: F:\GitHubActions\actions-runner\.credentials
[2026-05-29 11:23:24Z INFO HostContext] Well known directory 'Bin': 'F:\GitHubActions\actions-runner\bin'
[2026-05-29 11:23:24Z INFO HostContext] Well known directory 'Root': 'F:\GitHubActions\actions-runner'
[2026-05-29 11:23:24Z INFO HostContext] Well known config file 'MigratedCredentials': 'F:\GitHubActions\actions-runner\.credentials_migrated'
[2026-05-29 11:23:24Z INFO ConfigurationStore] MigratedCredFilePath: F:\GitHubActions\actions-runner\.credentials_migrated
[2026-05-29 11:23:24Z INFO HostContext] Well known directory 'Bin': 'F:\GitHubActions\actions-runner\bin'
[2026-05-29 11:23:24Z INFO HostContext] Well known directory 'Root': 'F:\GitHubActions\actions-runner'
[2026-05-29 11:23:24Z INFO HostContext] Well known config file 'Service': 'F:\GitHubActions\actions-runner\.service'
[2026-05-29 11:23:24Z INFO ConfigurationStore] ServiceConfigFilePath: F:\GitHubActions\actions-runner\.service
[2026-05-29 11:23:24Z INFO ConfigurationStore] Read setting file: 415 chars
[2026-05-29 11:23:24Z INFO JobRunner] Initializing launch client
[2026-05-29 11:23:24Z INFO JobServerQueue] Initializing results client
[2026-05-29 11:23:24Z INFO ResultServer] Creating websocket client ...wss://results-receiver.actions.githubusercontent.com/_ws/ingest.sock
[2026-05-29 11:23:24Z INFO ResultServer] Attempting to start websocket client with delay 00:00:00.
[2026-05-29 11:23:24Z INFO JobServerQueue] Start process web console line queue.
[2026-05-29 11:23:24Z INFO JobServerQueue] Start process file upload queue.
[2026-05-29 11:23:24Z INFO JobServerQueue] Start results file upload queue.
[2026-05-29 11:23:24Z INFO JobServerQueue] Starting results-based upload queue...
[2026-05-29 11:23:24Z INFO JobServerQueue] Start process timeline update queue.
[2026-05-29 11:23:24Z INFO ExecutionContext] Initializing Job context
[2026-05-29 11:23:24Z INFO ExecutionContext] Initialize GitHub context
[2026-05-29 11:23:24Z INFO ExecutionContext] Initialize Env context
[2026-05-29 11:23:24Z INFO HostContext] Well known directory 'Bin': 'F:\GitHubActions\actions-runner\bin'
[2026-05-29 11:23:24Z INFO HostContext] Well known directory 'Root': 'F:\GitHubActions\actions-runner'
[2026-05-29 11:23:24Z INFO HostContext] Well known directory 'Diag': 'F:\GitHubActions\actions-runner\_diag'
[2026-05-29 11:23:24Z INFO HostContext] Well known directory 'Bin': 'F:\GitHubActions\actions-runner\bin'
[2026-05-29 11:23:24Z INFO HostContext] Well known directory 'Root': 'F:\GitHubActions\actions-runner'
[2026-05-29 11:23:24Z INFO HostContext] Well known directory 'Diag': 'F:\GitHubActions\actions-runner\_diag'
[2026-05-29 11:23:24Z INFO JobRunner] Starting the job execution context.
[2026-05-29 11:23:24Z INFO HostContext] Well known directory 'Bin': 'F:\GitHubActions\actions-runner\bin'
[2026-05-29 11:23:24Z INFO HostContext] Well known directory 'Root': 'F:\GitHubActions\actions-runner'
[2026-05-29 11:23:24Z INFO HostContext] Well known directory 'Work': 'F:\GitHubActions\actions-runner\_work'
[2026-05-29 11:23:24Z INFO JobRunner] Validating directory permissions for: 'F:\GitHubActions\actions-runner\_work'
[2026-05-29 11:23:24Z INFO HostContext] Well known directory 'Bin': 'F:\GitHubActions\actions-runner\bin'
[2026-05-29 11:23:24Z INFO HostContext] Well known directory 'Root': 'F:\GitHubActions\actions-runner'
[2026-05-29 11:23:24Z INFO HostContext] Well known directory 'Work': 'F:\GitHubActions\actions-runner\_work'
[2026-05-29 11:23:24Z INFO HostContext] Well known directory 'Tools': 'F:\GitHubActions\actions-runner\_work\_tool'
[2026-05-29 11:23:24Z INFO HostContext] Well known directory 'Bin': 'F:\GitHubActions\actions-runner\bin'
[2026-05-29 11:23:24Z INFO HostContext] Well known directory 'Root': 'F:\GitHubActions\actions-runner'
[2026-05-29 11:23:24Z INFO HostContext] Well known directory 'Work': 'F:\GitHubActions\actions-runner\_work'
[2026-05-29 11:23:24Z INFO HostContext] Well known directory 'Temp': 'F:\GitHubActions\actions-runner\_work\_temp'
[2026-05-29 11:23:24Z INFO JobRunner] Getting job extension.
[2026-05-29 11:23:24Z INFO JobRunner] Initialize job. Getting all job steps.
[2026-05-29 11:23:24Z INFO HostContext] Well known directory 'Bin': 'F:\GitHubActions\actions-runner\bin'
[2026-05-29 11:23:24Z INFO HostContext] Well known directory 'Root': 'F:\GitHubActions\actions-runner'
[2026-05-29 11:23:24Z INFO HostContext] Well known directory 'Diag': 'F:\GitHubActions\actions-runner\_diag'
[2026-05-29 11:23:24Z INFO HostContext] Well known directory 'Bin': 'F:\GitHubActions\actions-runner\bin'
[2026-05-29 11:23:24Z INFO HostContext] Well known directory 'Root': 'F:\GitHubActions\actions-runner'
[2026-05-29 11:23:24Z INFO HostContext] Well known directory 'Diag': 'F:\GitHubActions\actions-runner\_diag'
[2026-05-29 11:23:24Z INFO HostContext] Well known directory 'Bin': 'F:\GitHubActions\actions-runner\bin'
[2026-05-29 11:23:24Z INFO HostContext] Well known directory 'Root': 'F:\GitHubActions\actions-runner'
[2026-05-29 11:23:24Z INFO HostContext] Well known config file 'Credentials': 'F:\GitHubActions\actions-runner\.credentials'
[2026-05-29 11:23:24Z INFO HostContext] Well known directory 'Bin': 'F:\GitHubActions\actions-runner\bin'
[2026-05-29 11:23:24Z INFO HostContext] Well known directory 'Root': 'F:\GitHubActions\actions-runner'
[2026-05-29 11:23:24Z INFO HostContext] Well known config file 'SetupInfo': 'F:\GitHubActions\actions-runner\.setup_info'
[2026-05-29 11:23:24Z INFO HostContext] Well known directory 'Bin': 'F:\GitHubActions\actions-runner\bin'
[2026-05-29 11:23:24Z INFO HostContext] Well known directory 'Root': 'F:\GitHubActions\actions-runner'
[2026-05-29 11:23:24Z INFO HostContext] Well known directory 'Work': 'F:\GitHubActions\actions-runner\_work'
[2026-05-29 11:23:24Z INFO PipelineDirectoryManager] Loading tracking config if exists: F:\GitHubActions\actions-runner\_work\_PipelineMapping\jaimejaimebermejo-boop/GitHubActions\PipelineFolder.json
[2026-05-29 11:23:24Z INFO PipelineDirectoryManager] Creating a new tracking config file.
[2026-05-29 11:23:25Z INFO HostContext] Well known directory 'Bin': 'F:\GitHubActions\actions-runner\bin'
[2026-05-29 11:23:25Z INFO HostContext] Well known directory 'Root': 'F:\GitHubActions\actions-runner'
[2026-05-29 11:23:25Z INFO HostContext] Well known directory 'Work': 'F:\GitHubActions\actions-runner\_work'
[2026-05-29 11:23:25Z INFO PipelineDirectoryManager] Creating pipeline directory.
[2026-05-29 11:23:25Z INFO HostContext] Well known directory 'Bin': 'F:\GitHubActions\actions-runner\bin'
[2026-05-29 11:23:25Z INFO HostContext] Well known directory 'Root': 'F:\GitHubActions\actions-runner'
[2026-05-29 11:23:25Z INFO HostContext] Well known directory 'Work': 'F:\GitHubActions\actions-runner\_work'
[2026-05-29 11:23:25Z INFO PipelineDirectoryManager] Creating workspace directory.
[2026-05-29 11:23:25Z INFO HostContext] Well known directory 'Bin': 'F:\GitHubActions\actions-runner\bin'
[2026-05-29 11:23:25Z INFO HostContext] Well known directory 'Root': 'F:\GitHubActions\actions-runner'
[2026-05-29 11:23:25Z INFO HostContext] Well known directory 'Work': 'F:\GitHubActions\actions-runner\_work'
[2026-05-29 11:23:25Z INFO JobExtension] Downloading actions
[2026-05-29 11:23:25Z INFO HostContext] Well known directory 'Bin': 'F:\GitHubActions\actions-runner\bin'
[2026-05-29 11:23:25Z INFO HostContext] Well known directory 'Root': 'F:\GitHubActions\actions-runner'
[2026-05-29 11:23:25Z INFO HostContext] Well known directory 'Work': 'F:\GitHubActions\actions-runner\_work'
[2026-05-29 11:23:25Z INFO HostContext] Well known directory 'Actions': 'F:\GitHubActions\actions-runner\_work\_actions'
[2026-05-29 11:23:25Z INFO Worker] Listening for cancel message from the channel.
[2026-05-29 11:23:25Z INFO Worker] Waiting for the job to complete or for a cancel message from the channel.
[2026-05-29 11:23:25Z INFO ResultServer] Successfully started websocket client.
[2026-05-29 11:23:25Z INFO JobServerQueue] Try to append 1 batches web console lines for record '6a84ed06-d5b2-4ef5-a0fd-c887a9fa7b21', success rate: 1/1.
[2026-05-29 11:23:25Z INFO JobServerQueue] Try to append 1 batches web console lines for record '6a84ed06-d5b2-4ef5-a0fd-c887a9fa7b21', success rate: 1/1.
[2026-05-29 11:23:25Z INFO JobServerQueue] Job timeline record has been updated for the first time.
[2026-05-29 11:23:26Z INFO HostContext] Well known directory 'Bin': 'F:\GitHubActions\actions-runner\bin'
[2026-05-29 11:23:26Z INFO HostContext] Well known directory 'Root': 'F:\GitHubActions\actions-runner'
[2026-05-29 11:23:26Z INFO HostContext] Well known directory 'Work': 'F:\GitHubActions\actions-runner\_work'
[2026-05-29 11:23:26Z INFO HostContext] Well known directory 'Actions': 'F:\GitHubActions\actions-runner\_work\_actions'
[2026-05-29 11:23:26Z INFO HostContext] Well known directory 'Bin': 'F:\GitHubActions\actions-runner\bin'
[2026-05-29 11:23:26Z INFO HostContext] Well known directory 'Root': 'F:\GitHubActions\actions-runner'
[2026-05-29 11:23:26Z INFO HostContext] Well known directory 'Work': 'F:\GitHubActions\actions-runner\_work'
[2026-05-29 11:23:26Z INFO HostContext] Well known directory 'Actions': 'F:\GitHubActions\actions-runner\_work\_actions'
[2026-05-29 11:23:26Z INFO ActionManager] Save archive 'https://codeload.github.com/actions/checkout/zip/34e114876b0b11c390a56381ad16ebd13914f8d5' into F:\GitHubActions\actions-runner\_work\_actions\_temp_30a8cdba-acaa-4311-aa7c-c73b27a526ca\ca8f88ea-93f5-440e-8cac-baddfdc2141d.zip.
[2026-05-29 11:23:26Z INFO ActionManager] Using Basic token for action archive download.
[2026-05-29 11:23:26Z INFO JobServerQueue] Try to append 1 batches web console lines for record '6a84ed06-d5b2-4ef5-a0fd-c887a9fa7b21', success rate: 1/1.
[2026-05-29 11:23:38Z INFO ActionManager] Request URL: https://codeload.github.com/actions/checkout/zip/34e114876b0b11c390a56381ad16ebd13914f8d5 X-GitHub-Request-Id: 1F00:1FC665:8661DA:9DB16E:6A19772D Http Status: OK
[2026-05-29 11:23:38Z INFO ActionManager] Finished getting action repository.
[2026-05-29 11:23:42Z INFO HostContext] Well known directory 'Bin': 'F:\GitHubActions\actions-runner\bin'
[2026-05-29 11:23:42Z INFO HostContext] Well known directory 'Root': 'F:\GitHubActions\actions-runner'
[2026-05-29 11:23:42Z INFO HostContext] Well known directory 'Work': 'F:\GitHubActions\actions-runner\_work'
[2026-05-29 11:23:42Z INFO HostContext] Well known directory 'Actions': 'F:\GitHubActions\actions-runner\_work\_actions'
[2026-05-29 11:23:42Z INFO HostContext] Well known directory 'Bin': 'F:\GitHubActions\actions-runner\bin'
[2026-05-29 11:23:42Z INFO HostContext] Well known directory 'Root': 'F:\GitHubActions\actions-runner'
[2026-05-29 11:23:42Z INFO HostContext] Well known directory 'Work': 'F:\GitHubActions\actions-runner\_work'
[2026-05-29 11:23:42Z INFO HostContext] Well known directory 'Actions': 'F:\GitHubActions\actions-runner\_work\_actions'
[2026-05-29 11:23:42Z INFO ActionManager] Save archive 'https://codeload.github.com/actions/setup-go/zip/40f1582b2485089dde7abd97c1529aa768e1baff' into F:\GitHubActions\actions-runner\_work\_actions\_temp_84fdd08e-3933-4e53-ae4c-5bb3b019b368\9ce22668-955c-48cd-85da-994fbc20877f.zip.
[2026-05-29 11:23:42Z INFO ActionManager] Using Basic token for action archive download.
[2026-05-29 11:23:42Z INFO JobServerQueue] Try to append 1 batches web console lines for record '6a84ed06-d5b2-4ef5-a0fd-c887a9fa7b21', success rate: 1/1.
[2026-05-29 11:23:44Z INFO ActionManager] Request URL: https://codeload.github.com/actions/setup-go/zip/40f1582b2485089dde7abd97c1529aa768e1baff X-GitHub-Request-Id: 1F19:224C22:86A9D8:9DF5E8:6A19773D Http Status: OK
[2026-05-29 11:23:47Z INFO ActionManager] Finished getting action repository.
[2026-05-29 11:23:48Z INFO HostContext] Well known directory 'Bin': 'F:\GitHubActions\actions-runner\bin'
[2026-05-29 11:23:48Z INFO HostContext] Well known directory 'Root': 'F:\GitHubActions\actions-runner'
[2026-05-29 11:23:48Z INFO HostContext] Well known directory 'Work': 'F:\GitHubActions\actions-runner\_work'
[2026-05-29 11:23:48Z INFO HostContext] Well known directory 'Actions': 'F:\GitHubActions\actions-runner\_work\_actions'
[2026-05-29 11:23:48Z INFO ActionManifestManagerLegacy] Load schema file with definitions: [
  "null",
  "boolean",
  "number",
  "string",
  "sequence",
  "mapping",
  "any",
  "action-root",
  "inputs",
  "input",
  "outputs",
  "output-definition",
  "runs",
  "container-runs",
  "container-runs-args",
  "container-runs-env",
  "node-runs",
  "plugin-runs",
  "composite-runs",
  "composite-steps",
  "composite-step",
  "run-step",
  "uses-step",
  "container-runs-context",
  "output-value",
  "input-default-context",
  "non-empty-string",
  "string-steps-context",
  "boolean-steps-context",
  "step-env",
  "step-if",
  "step-with"
]
[2026-05-29 11:23:48Z INFO ActionManifestManager] Load schema file with definitions: [
  "null",
  "boolean",
  "number",
  "string",
  "sequence",
  "mapping",
  "any",
  "action-root",
  "inputs",
  "input",
  "outputs",
  "output-definition",
  "runs",
  "container-runs",
  "container-runs-args",
  "container-runs-env",
  "node-runs",
  "plugin-runs",
  "composite-runs",
  "composite-steps",
  "composite-step",
  "run-step",
  "uses-step",
  "container-runs-context",
  "output-value",
  "input-default-context",
  "non-empty-string",
  "string-steps-context",
  "boolean-steps-context",
  "step-env",
  "step-if",
  "step-with"
]
[2026-05-29 11:23:48Z INFO HostContext] Well known directory 'Bin': 'F:\GitHubActions\actions-runner\bin'
[2026-05-29 11:23:48Z INFO HostContext] Well known directory 'Root': 'F:\GitHubActions\actions-runner'
[2026-05-29 11:23:48Z INFO HostContext] Well known directory 'Work': 'F:\GitHubActions\actions-runner\_work'
[2026-05-29 11:23:48Z INFO HostContext] Well known directory 'Actions': 'F:\GitHubActions\actions-runner\_work\_actions'
[2026-05-29 11:23:49Z INFO ActionManifestManagerLegacy] Loaded action.yml file: {
  "name": "Checkout",
  "description": "Checkout a Git repository at a particular version",
  "inputs": {
    "type": 2,
    "map": [
      {
        "key": {
          "type": 0,
          "file": 2,
          "line": 4,
          "col": 3,
          "lit": "repository"
        },
        "value": {
          "type": 3,
          "file": 2,
          "line": 6,
          "col": 14,
          "expr": "github.repository"
        }
      },
      {
        "key": {
          "type": 0,
          "file": 2,
          "line": 7,
          "col": 3,
          "lit": "ref"
        },
        "value": ""
      },
      {
        "key": {
          "type": 0,
          "file": 2,
          "line": 12,
          "col": 3,
          "lit": "token"
        },
        "value": {
          "type": 3,
          "file": 2,
          "line": 24,
          "col": 14,
          "expr": "github.token"
        }
      },
      {
        "key": {
          "type": 0,
          "file": 2,
          "line": 25,
          "col": 3,
          "lit": "ssh-key"
        },
        "value": ""
      },
      {
        "key": {
          "type": 0,
          "file": 2,
          "line": 37,
          "col": 3,
          "lit": "ssh-known-hosts"
        },
        "value": ""
      },
      {
        "key": {
          "type": 0,
          "file": 2,
          "line": 42,
          "col": 3,
          "lit": "ssh-strict"
        },
        "value": {
          "type": 0,
          "file": 2,
          "line": 47,
          "col": 14,
          "lit": "true"
        }
      },
      {
        "key": {
          "type": 0,
          "file": 2,
          "line": 48,
          "col": 3,
          "lit": "ssh-user"
        },
        "value": {
          "type": 0,
          "file": 2,
          "line": 51,
          "col": 14,
          "lit": "git"
        }
      },
      {
        "key": {
          "type": 0,
          "file": 2,
          "line": 52,
          "col": 3,
          "lit": "persist-credentials"
        },
        "value": {
          "type": 0,
          "file": 2,
          "line": 54,
          "col": 14,
          "lit": "true"
        }
      },
      {
        "key": {
          "type": 0,
          "file": 2,
          "line": 55,
          "col": 3,
          "lit": "path"
        },
        "value": ""
      },
      {
        "key": {
          "type": 0,
          "file": 2,
          "line": 57,
          "col": 3,
          "lit": "clean"
        },
        "value": {
          "type": 0,
          "file": 2,
          "line": 59,
          "col": 14,
          "lit": "true"
        }
      },
      {
        "key": {
          "type": 0,
          "file": 2,
          "line": 60,
          "col": 3,
          "lit": "filter"
        },
        "value": {
          "type": 0,
          "file": 2,
          "line": 64,
          "col": 14,
          "lit": ""
        }
      },
      {
        "key": {
          "type": 0,
          "file": 2,
          "line": 65,
          "col": 3,
          "lit": "sparse-checkout"
        },
        "value": {
          "type": 0,
          "file": 2,
          "line": 69,
          "col": 14,
          "lit": ""
        }
      },
      {
        "key": {
          "type": 0,
          "file": 2,
          "line": 70,
          "col": 3,
          "lit": "sparse-checkout-cone-mode"
        },
        "value": {
          "type": 0,
          "file": 2,
          "line": 73,
          "col": 14,
          "lit": "true"
        }
      },
      {
        "key": {
          "type": 0,
          "file": 2,
          "line": 74,
          "col": 3,
          "lit": "fetch-depth"
        },
        "value": {
          "type": 0,
          "file": 2,
          "line": 76,
          "col": 14,
          "lit": "1"
        }
      },
      {
        "key": {
          "type": 0,
          "file": 2,
          "line": 77,
          "col": 3,
          "lit": "fetch-tags"
        },
        "value": {
          "type": 0,
          "file": 2,
          "line": 79,
          "col": 14,
          "lit": "false"
        }
      },
      {
        "key": {
          "type": 0,
          "file": 2,
          "line": 80,
          "col": 3,
          "lit": "show-progress"
        },
        "value": {
          "type": 0,
          "file": 2,
          "line": 82,
          "col": 14,
          "lit": "true"
        }
      },
      {
        "key": {
          "type": 0,
          "file": 2,
          "line": 83,
          "col": 3,
          "lit": "lfs"
        },
        "value": {
          "type": 0,
          "file": 2,
          "line": 85,
          "col": 14,
          "lit": "false"
        }
      },
      {
        "key": {
          "type": 0,
          "file": 2,
          "line": 86,
          "col": 3,
          "lit": "submodules"
        },
        "value": {
          "type": 0,
          "file": 2,
          "line": 94,
          "col": 14,
          "lit": "false"
        }
      },
      {
        "key": {
          "type": 0,
          "file": 2,
          "line": 95,
          "col": 3,
          "lit": "set-safe-directory"
        },
        "value": {
          "type": 0,
          "file": 2,
          "line": 97,
          "col": 14,
          "lit": "true"
        }
      },
      {
        "key": {
          "type": 0,
          "file": 2,
          "line": 98,
          "col": 3,
          "lit": "github-server-url"
        },
        "value": ""
      }
    ]
  },
  "execution": {
    "executionType": "nodeJS",
    "hasPre": false,
    "hasPost": true,
    "script": "dist/index.js",
    "pre": null,
    "post": "dist/index.js",
    "nodeVersion": "node20",
    "cleanupCondition": "always()",
    "initCondition": "always()"
  },
  "deprecated": null
}
[2026-05-29 11:23:49Z INFO ActionManager] Action node.js file: dist/index.js, no more preparation.
[2026-05-29 11:23:49Z INFO HostContext] Well known directory 'Bin': 'F:\GitHubActions\actions-runner\bin'
[2026-05-29 11:23:49Z INFO HostContext] Well known directory 'Root': 'F:\GitHubActions\actions-runner'
[2026-05-29 11:23:49Z INFO HostContext] Well known directory 'Work': 'F:\GitHubActions\actions-runner\_work'
[2026-05-29 11:23:49Z INFO HostContext] Well known directory 'Actions': 'F:\GitHubActions\actions-runner\_work\_actions'
[2026-05-29 11:23:49Z INFO ActionManager] Load action that reference repository from 'F:\GitHubActions\actions-runner\_work\_actions\actions\checkout\v4'
[2026-05-29 11:23:49Z INFO HostContext] Well known directory 'Bin': 'F:\GitHubActions\actions-runner\bin'
[2026-05-29 11:23:49Z INFO HostContext] Well known directory 'Root': 'F:\GitHubActions\actions-runner'
[2026-05-29 11:23:49Z INFO HostContext] Well known directory 'Work': 'F:\GitHubActions\actions-runner\_work'
[2026-05-29 11:23:49Z INFO HostContext] Well known directory 'Actions': 'F:\GitHubActions\actions-runner\_work\_actions'
[2026-05-29 11:23:49Z INFO ActionManifestManagerLegacy] Loaded action.yml file: {
  "name": "Checkout",
  "description": "Checkout a Git repository at a particular version",
  "inputs": {
    "type": 2,
    "map": [
      {
        "key": {
          "type": 0,
          "file": 2,
          "line": 4,
          "col": 3,
          "lit": "repository"
        },
        "value": {
          "type": 3,
          "file": 2,
          "line": 6,
          "col": 14,
          "expr": "github.repository"
        }
      },
      {
        "key": {
          "type": 0,
          "file": 2,
          "line": 7,
          "col": 3,
          "lit": "ref"
        },
        "value": ""
      },
      {
        "key": {
          "type": 0,
          "file": 2,
          "line": 12,
          "col": 3,
          "lit": "token"
        },
        "value": {
          "type": 3,
          "file": 2,
          "line": 24,
          "col": 14,
          "expr": "github.token"
        }
      },
      {
        "key": {
          "type": 0,
          "file": 2,
          "line": 25,
          "col": 3,
          "lit": "ssh-key"
        },
        "value": ""
      },
      {
        "key": {
          "type": 0,
          "file": 2,
          "line": 37,
          "col": 3,
          "lit": "ssh-known-hosts"
        },
        "value": ""
      },
      {
        "key": {
          "type": 0,
          "file": 2,
          "line": 42,
          "col": 3,
          "lit": "ssh-strict"
        },
        "value": {
          "type": 0,
          "file": 2,
          "line": 47,
          "col": 14,
          "lit": "true"
        }
      },
      {
        "key": {
          "type": 0,
          "file": 2,
          "line": 48,
          "col": 3,
          "lit": "ssh-user"
        },
        "value": {
          "type": 0,
          "file": 2,
          "line": 51,
          "col": 14,
          "lit": "git"
        }
      },
      {
        "key": {
          "type": 0,
          "file": 2,
          "line": 52,
          "col": 3,
          "lit": "persist-credentials"
        },
        "value": {
          "type": 0,
          "file": 2,
          "line": 54,
          "col": 14,
          "lit": "true"
        }
      },
      {
        "key": {
          "type": 0,
          "file": 2,
          "line": 55,
          "col": 3,
          "lit": "path"
        },
        "value": ""
      },
      {
        "key": {
          "type": 0,
          "file": 2,
          "line": 57,
          "col": 3,
          "lit": "clean"
        },
        "value": {
          "type": 0,
          "file": 2,
          "line": 59,
          "col": 14,
          "lit": "true"
        }
      },
      {
        "key": {
          "type": 0,
          "file": 2,
          "line": 60,
          "col": 3,
          "lit": "filter"
        },
        "value": {
          "type": 0,
          "file": 2,
          "line": 64,
          "col": 14,
          "lit": ""
        }
      },
      {
        "key": {
          "type": 0,
          "file": 2,
          "line": 65,
          "col": 3,
          "lit": "sparse-checkout"
        },
        "value": {
          "type": 0,
          "file": 2,
          "line": 69,
          "col": 14,
          "lit": ""
        }
      },
      {
        "key": {
          "type": 0,
          "file": 2,
          "line": 70,
          "col": 3,
          "lit": "sparse-checkout-cone-mode"
        },
        "value": {
          "type": 0,
          "file": 2,
          "line": 73,
          "col": 14,
          "lit": "true"
        }
      },
      {
        "key": {
          "type": 0,
          "file": 2,
          "line": 74,
          "col": 3,
          "lit": "fetch-depth"
        },
        "value": {
          "type": 0,
          "file": 2,
          "line": 76,
          "col": 14,
          "lit": "1"
        }
      },
      {
        "key": {
          "type": 0,
          "file": 2,
          "line": 77,
          "col": 3,
          "lit": "fetch-tags"
        },
        "value": {
          "type": 0,
          "file": 2,
          "line": 79,
          "col": 14,
          "lit": "false"
        }
      },
      {
        "key": {
          "type": 0,
          "file": 2,
          "line": 80,
          "col": 3,
          "lit": "show-progress"
        },
        "value": {
          "type": 0,
          "file": 2,
          "line": 82,
          "col": 14,
          "lit": "true"
        }
      },
      {
        "key": {
          "type": 0,
          "file": 2,
          "line": 83,
          "col": 3,
          "lit": "lfs"
        },
        "value": {
          "type": 0,
          "file": 2,
          "line": 85,
          "col": 14,
          "lit": "false"
        }
      },
      {
        "key": {
          "type": 0,
          "file": 2,
          "line": 86,
          "col": 3,
          "lit": "submodules"
        },
        "value": {
          "type": 0,
          "file": 2,
          "line": 94,
          "col": 14,
          "lit": "false"
        }
      },
      {
        "key": {
          "type": 0,
          "file": 2,
          "line": 95,
          "col": 3,
          "lit": "set-safe-directory"
        },
        "value": {
          "type": 0,
          "file": 2,
          "line": 97,
          "col": 14,
          "lit": "true"
        }
      },
      {
        "key": {
          "type": 0,
          "file": 2,
          "line": 98,
          "col": 3,
          "lit": "github-server-url"
        },
        "value": ""
      }
    ]
  },
  "execution": {
    "executionType": "nodeJS",
    "hasPre": false,
    "hasPost": true,
    "script": "dist/index.js",
    "pre": null,
    "post": "dist/index.js",
    "nodeVersion": "node20",
    "cleanupCondition": "always()",
    "initCondition": "always()"
  },
  "deprecated": null
}
[2026-05-29 11:23:49Z INFO ActionManager] Action pre node.js file: N/A.
[2026-05-29 11:23:49Z INFO ActionManager] Action node.js file: dist/index.js.
[2026-05-29 11:23:49Z INFO ActionManager] Action post node.js file: dist/index.js.
[2026-05-29 11:23:49Z INFO HostContext] Well known directory 'Bin': 'F:\GitHubActions\actions-runner\bin'
[2026-05-29 11:23:49Z INFO HostContext] Well known directory 'Root': 'F:\GitHubActions\actions-runner'
[2026-05-29 11:23:49Z INFO HostContext] Well known directory 'Work': 'F:\GitHubActions\actions-runner\_work'
[2026-05-29 11:23:49Z INFO HostContext] Well known directory 'Actions': 'F:\GitHubActions\actions-runner\_work\_actions'
[2026-05-29 11:23:49Z INFO HostContext] Well known directory 'Bin': 'F:\GitHubActions\actions-runner\bin'
[2026-05-29 11:23:49Z INFO HostContext] Well known directory 'Root': 'F:\GitHubActions\actions-runner'
[2026-05-29 11:23:49Z INFO HostContext] Well known directory 'Work': 'F:\GitHubActions\actions-runner\_work'
[2026-05-29 11:23:49Z INFO HostContext] Well known directory 'Actions': 'F:\GitHubActions\actions-runner\_work\_actions'
[2026-05-29 11:23:49Z INFO ActionManifestManagerLegacy] Ignore action property author.
[2026-05-29 11:23:49Z INFO ActionManifestManagerLegacy] Loaded action.yml file: {
  "name": "Setup Go environment",
  "description": "Setup a Go environment and add it to the PATH",
  "inputs": {
    "type": 2,
    "map": [
      {
        "key": {
          "type": 0,
          "file": 3,
          "line": 5,
          "col": 3,
          "lit": "go-version"
        },
        "value": ""
      },
      {
        "key": {
          "type": 0,
          "file": 3,
          "line": 7,
          "col": 3,
          "lit": "go-version-file"
        },
        "value": ""
      },
      {
        "key": {
          "type": 0,
          "file": 3,
          "line": 9,
          "col": 3,
          "lit": "check-latest"
        },
        "value": {
          "type": 0,
          "file": 3,
          "line": 11,
          "col": 14,
          "lit": "false"
        }
      },
      {
        "key": {
          "type": 0,
          "file": 3,
          "line": 12,
          "col": 3,
          "lit": "token"
        },
        "value": {
          "type": 3,
          "file": 3,
          "line": 14,
          "col": 14,
          "expr": "github.server_url == 'https://github.com' && github.token || ''"
        }
      },
      {
        "key": {
          "type": 0,
          "file": 3,
          "line": 15,
          "col": 3,
          "lit": "cache"
        },
        "value": {
          "type": 0,
          "file": 3,
          "line": 17,
          "col": 14,
          "lit": "true"
        }
      },
      {
        "key": {
          "type": 0,
          "file": 3,
          "line": 18,
          "col": 3,
          "lit": "cache-dependency-path"
        },
        "value": ""
      },
      {
        "key": {
          "type": 0,
          "file": 3,
          "line": 20,
          "col": 3,
          "lit": "architecture"
        },
        "value": ""
      }
    ]
  },
  "execution": {
    "executionType": "nodeJS",
    "hasPre": false,
    "hasPost": true,
    "script": "dist/setup/index.js",
    "pre": null,
    "post": "dist/cache-save/index.js",
    "nodeVersion": "node20",
    "cleanupCondition": "success()",
    "initCondition": "always()"
  },
  "deprecated": null
}
[2026-05-29 11:23:49Z INFO ActionManager] Action node.js file: dist/setup/index.js, no more preparation.
[2026-05-29 11:23:49Z INFO HostContext] Well known directory 'Bin': 'F:\GitHubActions\actions-runner\bin'
[2026-05-29 11:23:49Z INFO HostContext] Well known directory 'Root': 'F:\GitHubActions\actions-runner'
[2026-05-29 11:23:49Z INFO HostContext] Well known directory 'Work': 'F:\GitHubActions\actions-runner\_work'
[2026-05-29 11:23:49Z INFO HostContext] Well known directory 'Actions': 'F:\GitHubActions\actions-runner\_work\_actions'
[2026-05-29 11:23:49Z INFO ActionManager] Load action that reference repository from 'F:\GitHubActions\actions-runner\_work\_actions\actions\setup-go\v5'
[2026-05-29 11:23:49Z INFO HostContext] Well known directory 'Bin': 'F:\GitHubActions\actions-runner\bin'
[2026-05-29 11:23:49Z INFO HostContext] Well known directory 'Root': 'F:\GitHubActions\actions-runner'
[2026-05-29 11:23:49Z INFO HostContext] Well known directory 'Work': 'F:\GitHubActions\actions-runner\_work'
[2026-05-29 11:23:49Z INFO HostContext] Well known directory 'Actions': 'F:\GitHubActions\actions-runner\_work\_actions'
[2026-05-29 11:23:49Z INFO ActionManifestManagerLegacy] Ignore action property author.
[2026-05-29 11:23:49Z INFO ActionManifestManagerLegacy] Loaded action.yml file: {
  "name": "Setup Go environment",
  "description": "Setup a Go environment and add it to the PATH",
  "inputs": {
    "type": 2,
    "map": [
      {
        "key": {
          "type": 0,
          "file": 3,
          "line": 5,
          "col": 3,
          "lit": "go-version"
        },
        "value": ""
      },
      {
        "key": {
          "type": 0,
          "file": 3,
          "line": 7,
          "col": 3,
          "lit": "go-version-file"
        },
        "value": ""
      },
      {
        "key": {
          "type": 0,
          "file": 3,
          "line": 9,
          "col": 3,
          "lit": "check-latest"
        },
        "value": {
          "type": 0,
          "file": 3,
          "line": 11,
          "col": 14,
          "lit": "false"
        }
      },
      {
        "key": {
          "type": 0,
          "file": 3,
          "line": 12,
          "col": 3,
          "lit": "token"
        },
        "value": {
          "type": 3,
          "file": 3,
          "line": 14,
          "col": 14,
          "expr": "github.server_url == 'https://github.com' && github.token || ''"
        }
      },
      {
        "key": {
          "type": 0,
          "file": 3,
          "line": 15,
          "col": 3,
          "lit": "cache"
        },
        "value": {
          "type": 0,
          "file": 3,
          "line": 17,
          "col": 14,
          "lit": "true"
        }
      },
      {
        "key": {
          "type": 0,
          "file": 3,
          "line": 18,
          "col": 3,
          "lit": "cache-dependency-path"
        },
        "value": ""
      },
      {
        "key": {
          "type": 0,
          "file": 3,
          "line": 20,
          "col": 3,
          "lit": "architecture"
        },
        "value": ""
      }
    ]
  },
  "execution": {
    "executionType": "nodeJS",
    "hasPre": false,
    "hasPost": true,
    "script": "dist/setup/index.js",
    "pre": null,
    "post": "dist/cache-save/index.js",
    "nodeVersion": "node20",
    "cleanupCondition": "success()",
    "initCondition": "always()"
  },
  "deprecated": null
}
[2026-05-29 11:23:49Z INFO ActionManager] Action pre node.js file: N/A.
[2026-05-29 11:23:49Z INFO ActionManager] Action node.js file: dist/setup/index.js.
[2026-05-29 11:23:49Z INFO ActionManager] Action post node.js file: dist/cache-save/index.js.
[2026-05-29 11:23:49Z INFO JobExtension] Adding .
[2026-05-29 11:23:49Z INFO JobExtension] Adding .
[2026-05-29 11:23:49Z INFO JobExtension] Adding .
[2026-05-29 11:23:49Z INFO JobExtension] Adding .
[2026-05-29 11:23:49Z INFO JobExtension] Adding .
[2026-05-29 11:23:49Z INFO JobExtension] Adding .
[2026-05-29 11:23:49Z INFO JobExtension] Adding .
[2026-05-29 11:23:49Z INFO HostContext] Well known directory 'Bin': 'F:\GitHubActions\actions-runner\bin'
[2026-05-29 11:23:49Z INFO HostContext] Well known directory 'Root': 'F:\GitHubActions\actions-runner'
[2026-05-29 11:23:49Z INFO HostContext] Well known directory 'Diag': 'F:\GitHubActions\actions-runner\_diag'
[2026-05-29 11:23:49Z INFO HostContext] Well known directory 'Bin': 'F:\GitHubActions\actions-runner\bin'
[2026-05-29 11:23:49Z INFO HostContext] Well known directory 'Root': 'F:\GitHubActions\actions-runner'
[2026-05-29 11:23:49Z INFO HostContext] Well known directory 'Diag': 'F:\GitHubActions\actions-runner\_diag'
[2026-05-29 11:23:49Z INFO HostContext] Well known directory 'Bin': 'F:\GitHubActions\actions-runner\bin'
[2026-05-29 11:23:49Z INFO HostContext] Well known directory 'Root': 'F:\GitHubActions\actions-runner'
[2026-05-29 11:23:49Z INFO HostContext] Well known directory 'Diag': 'F:\GitHubActions\actions-runner\_diag'
[2026-05-29 11:23:49Z INFO HostContext] Well known directory 'Bin': 'F:\GitHubActions\actions-runner\bin'
[2026-05-29 11:23:49Z INFO HostContext] Well known directory 'Root': 'F:\GitHubActions\actions-runner'
[2026-05-29 11:23:49Z INFO HostContext] Well known directory 'Diag': 'F:\GitHubActions\actions-runner\_diag'
[2026-05-29 11:23:49Z INFO HostContext] Well known directory 'Bin': 'F:\GitHubActions\actions-runner\bin'
[2026-05-29 11:23:49Z INFO HostContext] Well known directory 'Root': 'F:\GitHubActions\actions-runner'
[2026-05-29 11:23:49Z INFO HostContext] Well known directory 'Diag': 'F:\GitHubActions\actions-runner\_diag'
[2026-05-29 11:23:49Z INFO HostContext] Well known directory 'Bin': 'F:\GitHubActions\actions-runner\bin'
[2026-05-29 11:23:49Z INFO HostContext] Well known directory 'Root': 'F:\GitHubActions\actions-runner'
[2026-05-29 11:23:49Z INFO HostContext] Well known directory 'Diag': 'F:\GitHubActions\actions-runner\_diag'
[2026-05-29 11:23:49Z INFO HostContext] Well known directory 'Bin': 'F:\GitHubActions\actions-runner\bin'
[2026-05-29 11:23:49Z INFO HostContext] Well known directory 'Root': 'F:\GitHubActions\actions-runner'
[2026-05-29 11:23:49Z INFO HostContext] Well known directory 'Diag': 'F:\GitHubActions\actions-runner\_diag'
[2026-05-29 11:23:49Z INFO HostContext] Well known directory 'Bin': 'F:\GitHubActions\actions-runner\bin'
[2026-05-29 11:23:49Z INFO HostContext] Well known directory 'Root': 'F:\GitHubActions\actions-runner'
[2026-05-29 11:23:49Z INFO HostContext] Well known directory 'Diag': 'F:\GitHubActions\actions-runner\_diag'
[2026-05-29 11:23:49Z INFO HostContext] Well known directory 'Bin': 'F:\GitHubActions\actions-runner\bin'
[2026-05-29 11:23:49Z INFO HostContext] Well known directory 'Root': 'F:\GitHubActions\actions-runner'
[2026-05-29 11:23:49Z INFO HostContext] Well known directory 'Diag': 'F:\GitHubActions\actions-runner\_diag'
[2026-05-29 11:23:49Z INFO HostContext] Well known directory 'Bin': 'F:\GitHubActions\actions-runner\bin'
[2026-05-29 11:23:49Z INFO HostContext] Well known directory 'Root': 'F:\GitHubActions\actions-runner'
[2026-05-29 11:23:49Z INFO HostContext] Well known directory 'Diag': 'F:\GitHubActions\actions-runner\_diag'
[2026-05-29 11:23:49Z INFO HostContext] Well known directory 'Bin': 'F:\GitHubActions\actions-runner\bin'
[2026-05-29 11:23:49Z INFO HostContext] Well known directory 'Root': 'F:\GitHubActions\actions-runner'
[2026-05-29 11:23:49Z INFO HostContext] Well known directory 'Diag': 'F:\GitHubActions\actions-runner\_diag'
[2026-05-29 11:23:49Z INFO HostContext] Well known directory 'Bin': 'F:\GitHubActions\actions-runner\bin'
[2026-05-29 11:23:49Z INFO HostContext] Well known directory 'Root': 'F:\GitHubActions\actions-runner'
[2026-05-29 11:23:49Z INFO HostContext] Well known directory 'Diag': 'F:\GitHubActions\actions-runner\_diag'
[2026-05-29 11:23:49Z INFO HostContext] Well known directory 'Bin': 'F:\GitHubActions\actions-runner\bin'
[2026-05-29 11:23:49Z INFO HostContext] Well known directory 'Root': 'F:\GitHubActions\actions-runner'
[2026-05-29 11:23:49Z INFO HostContext] Well known directory 'Diag': 'F:\GitHubActions\actions-runner\_diag'
[2026-05-29 11:23:49Z INFO HostContext] Well known directory 'Bin': 'F:\GitHubActions\actions-runner\bin'
[2026-05-29 11:23:49Z INFO HostContext] Well known directory 'Root': 'F:\GitHubActions\actions-runner'
[2026-05-29 11:23:49Z INFO HostContext] Well known directory 'Diag': 'F:\GitHubActions\actions-runner\_diag'
[2026-05-29 11:23:49Z INFO JobServerQueue] Try to append 1 batches web console lines for record '6a84ed06-d5b2-4ef5-a0fd-c887a9fa7b21', success rate: 1/1.
[2026-05-29 11:23:49Z INFO JobExtension] Total accessible running process: 241.
[2026-05-29 11:23:49Z INFO HostContext] Well known directory 'Bin': 'F:\GitHubActions\actions-runner\bin'
[2026-05-29 11:23:49Z INFO HostContext] Well known directory 'Root': 'F:\GitHubActions\actions-runner'
[2026-05-29 11:23:49Z INFO HostContext] Well known directory 'Work': 'F:\GitHubActions\actions-runner\_work'
[2026-05-29 11:23:49Z INFO JobExtension] Start checking server connectivity.
[2026-05-29 11:23:49Z INFO JobExtension] Check server connectivity for https://broker.actions.githubusercontent.com/health.
[2026-05-29 11:23:49Z INFO JobExtension] Check server connectivity for https://token.actions.githubusercontent.com/ready.
[2026-05-29 11:23:49Z INFO JobExtension] Check server connectivity for https://run.actions.githubusercontent.com/health.
[2026-05-29 11:23:49Z INFO JobExtension] Start checking service connectivity in background.
[2026-05-29 11:23:49Z INFO ExecutionContext] Publish step telemetry for current step {
  "action": "setup_job",
  "type": "runner",
  "stage": "Pre",
  "stepId": "6a84ed06-d5b2-4ef5-a0fd-c887a9fa7b21",
  "result": "succeeded",
  "errorMessages": [],
  "executionTimeInSeconds": 25,
  "startTime": "2026-05-29T11:23:24.963751Z",
  "finishTime": "2026-05-29T11:23:49.500639Z"
}.
[2026-05-29 11:23:49Z INFO JobRunner] Total job steps: 7.
[2026-05-29 11:23:49Z INFO JobRunner] Run all job steps.
[2026-05-29 11:23:49Z INFO DapDebugger] DapDebugger initialized
[2026-05-29 11:23:49Z INFO StepsRunner] Processing step: DisplayName='Run pwd && ls -al'
[2026-05-29 11:23:49Z INFO StepsRunner] Evaluating: success()
[2026-05-29 11:23:49Z INFO StepsRunner] Result: true
[2026-05-29 11:23:49Z INFO StepsRunner] Starting the step.
[2026-05-29 11:23:49Z INFO HostContext] Well known directory 'Bin': 'F:\GitHubActions\actions-runner\bin'
[2026-05-29 11:23:49Z INFO HostContext] Well known directory 'Root': 'F:\GitHubActions\actions-runner'
[2026-05-29 11:23:49Z INFO HostContext] Well known directory 'Work': 'F:\GitHubActions\actions-runner\_work'
[2026-05-29 11:23:49Z INFO StepsRunner] Which2: 'chcp'
[2026-05-29 11:23:49Z INFO StepsRunner] Location: 'C:\WINDOWS\system32\chcp.COM'
[2026-05-29 11:23:49Z INFO ProcessInvokerWrapper] Starting process:
[2026-05-29 11:23:49Z INFO ProcessInvokerWrapper]   File name: 'C:\WINDOWS\system32\chcp.COM'
[2026-05-29 11:23:49Z INFO ProcessInvokerWrapper]   Arguments: '65001'
[2026-05-29 11:23:49Z INFO ProcessInvokerWrapper]   Working directory: 'F:\GitHubActions\actions-runner\_work'
[2026-05-29 11:23:49Z INFO ProcessInvokerWrapper]   Require exit code zero: 'False'
[2026-05-29 11:23:49Z INFO ProcessInvokerWrapper]   Encoding web name:  ; code page: ''
[2026-05-29 11:23:49Z INFO ProcessInvokerWrapper]   Force kill process on cancellation: 'False'
[2026-05-29 11:23:49Z INFO ProcessInvokerWrapper]   Redirected STDIN: 'False'
[2026-05-29 11:23:49Z INFO ProcessInvokerWrapper]   Persist current code page: 'True'
[2026-05-29 11:23:49Z INFO ProcessInvokerWrapper]   Keep redirected STDIN open: 'False'
[2026-05-29 11:23:49Z INFO ProcessInvokerWrapper]   High priority process: 'False'
[2026-05-29 11:23:49Z INFO ProcessInvokerWrapper] Process started with process id 14488, waiting for process exit.
[2026-05-29 11:23:49Z INFO ProcessInvokerWrapper] STDOUT/STDERR stream read finished.
[2026-05-29 11:23:49Z INFO ProcessInvokerWrapper] STDOUT/STDERR stream read finished.
[2026-05-29 11:23:49Z INFO ProcessInvokerWrapper] Finished process 14488 with exit code 0, and elapsed time 00:00:00.2553615.
[2026-05-29 11:23:49Z INFO StepsRunner] Successfully returned to code page 65001 (UTF8)
[2026-05-29 11:23:49Z INFO HostContext] Well known directory 'Bin': 'F:\GitHubActions\actions-runner\bin'
[2026-05-29 11:23:49Z INFO HostContext] Well known directory 'Root': 'F:\GitHubActions\actions-runner'
[2026-05-29 11:23:49Z INFO HostContext] Well known directory 'Work': 'F:\GitHubActions\actions-runner\_work'
[2026-05-29 11:23:49Z INFO HostContext] Well known directory 'Temp': 'F:\GitHubActions\actions-runner\_work\_temp'
[2026-05-29 11:23:49Z INFO ExecutionContext] Write event payload to F:\GitHubActions\actions-runner\_work\_temp\_github_workflow\event.json
[2026-05-29 11:23:49Z INFO HostContext] Well known directory 'Bin': 'F:\GitHubActions\actions-runner\bin'
[2026-05-29 11:23:49Z INFO HostContext] Well known directory 'Root': 'F:\GitHubActions\actions-runner'
[2026-05-29 11:23:49Z INFO HostContext] Well known directory 'Work': 'F:\GitHubActions\actions-runner\_work'
[2026-05-29 11:23:49Z INFO HostContext] Well known directory 'Temp': 'F:\GitHubActions\actions-runner\_work\_temp'
[2026-05-29 11:23:49Z INFO ExtensionManager] Getting extensions for interface: 'GitHub.Runner.Worker.IFileCommandExtension'
[2026-05-29 11:23:49Z INFO ExtensionManager] Creating instance: GitHub.Runner.Worker.AddPathFileCommand, Runner.Worker
[2026-05-29 11:23:50Z INFO ExtensionManager] Creating instance: GitHub.Runner.Worker.SetEnvFileCommand, Runner.Worker
[2026-05-29 11:23:50Z INFO JobServerQueue] Got a step log file to send to results service.
[2026-05-29 11:23:50Z INFO ExtensionManager] Creating instance: GitHub.Runner.Worker.CreateStepSummaryCommand, Runner.Worker
[2026-05-29 11:23:50Z INFO ExtensionManager] Creating instance: GitHub.Runner.Worker.SaveStateFileCommand, Runner.Worker
[2026-05-29 11:23:50Z INFO ExtensionManager] Creating instance: GitHub.Runner.Worker.SetOutputFileCommand, Runner.Worker
[2026-05-29 11:23:50Z INFO JobServerQueue] Starting upload of step log file to results service ResultsLog, F:\GitHubActions\actions-runner\_diag\blocks\7cd1e666-9b24-4299-9fa5-a72ac3a704e9_6a84ed06-d5b2-4ef5-a0fd-c887a9fa7b21.1
[2026-05-29 11:23:50Z INFO JobServerQueue] Try to upload 1 log files or attachments, success rate: 1/1.
[2026-05-29 11:23:50Z INFO ExtensionManager] Getting extensions for interface: 'GitHub.Runner.Worker.IActionCommandExtension'
[2026-05-29 11:23:50Z INFO ExtensionManager] Creating instance: GitHub.Runner.Worker.InternalPluginSetRepoPathCommandExtension, Runner.Worker
[2026-05-29 11:23:50Z INFO ExtensionManager] Creating instance: GitHub.Runner.Worker.SetEnvCommandExtension, Runner.Worker
[2026-05-29 11:23:50Z INFO ExtensionManager] Creating instance: GitHub.Runner.Worker.SetOutputCommandExtension, Runner.Worker
[2026-05-29 11:23:50Z INFO ExtensionManager] Creating instance: GitHub.Runner.Worker.SaveStateCommandExtension, Runner.Worker
[2026-05-29 11:23:50Z INFO ExtensionManager] Creating instance: GitHub.Runner.Worker.AddPathCommandExtension, Runner.Worker
[2026-05-29 11:23:50Z INFO ExtensionManager] Creating instance: GitHub.Runner.Worker.AddMaskCommandExtension, Runner.Worker
[2026-05-29 11:23:50Z INFO ExtensionManager] Creating instance: GitHub.Runner.Worker.AddMatcherCommandExtension, Runner.Worker
[2026-05-29 11:23:50Z INFO ExtensionManager] Creating instance: GitHub.Runner.Worker.RemoveMatcherCommandExtension, Runner.Worker
[2026-05-29 11:23:50Z INFO ExtensionManager] Creating instance: GitHub.Runner.Worker.WarningCommandExtension, Runner.Worker
[2026-05-29 11:23:50Z INFO ExtensionManager] Creating instance: GitHub.Runner.Worker.ErrorCommandExtension, Runner.Worker
[2026-05-29 11:23:50Z INFO ExtensionManager] Creating instance: GitHub.Runner.Worker.NoticeCommandExtension, Runner.Worker
[2026-05-29 11:23:50Z INFO ExtensionManager] Creating instance: GitHub.Runner.Worker.DebugCommandExtension, Runner.Worker
[2026-05-29 11:23:50Z INFO ExtensionManager] Creating instance: GitHub.Runner.Worker.GroupCommandExtension, Runner.Worker
[2026-05-29 11:23:50Z INFO ExtensionManager] Creating instance: GitHub.Runner.Worker.EndGroupCommandExtension, Runner.Worker
[2026-05-29 11:23:50Z INFO ExtensionManager] Creating instance: GitHub.Runner.Worker.EchoCommandExtension, Runner.Worker
[2026-05-29 11:23:50Z INFO ActionCommandManager] Register action command extension for command internal-set-repo-path
[2026-05-29 11:23:50Z INFO ActionCommandManager] Register action command extension for command set-env
[2026-05-29 11:23:50Z INFO ActionCommandManager] Register action command extension for command set-output
[2026-05-29 11:23:50Z INFO ActionCommandManager] Register action command extension for command save-state
[2026-05-29 11:23:50Z INFO ActionCommandManager] Register action command extension for command add-path
[2026-05-29 11:23:50Z INFO ActionCommandManager] Register action command extension for command add-mask
[2026-05-29 11:23:50Z INFO ActionCommandManager] Register action command extension for command add-matcher
[2026-05-29 11:23:50Z INFO ActionCommandManager] Register action command extension for command remove-matcher
[2026-05-29 11:23:50Z INFO ActionCommandManager] Register action command extension for command warning
[2026-05-29 11:23:50Z INFO ActionCommandManager] Register action command extension for command error
[2026-05-29 11:23:50Z INFO ActionCommandManager] Register action command extension for command notice
[2026-05-29 11:23:50Z INFO ActionCommandManager] Register action command extension for command debug
[2026-05-29 11:23:50Z INFO ActionCommandManager] Register action command extension for command group
[2026-05-29 11:23:50Z INFO ActionCommandManager] Register action command extension for command endgroup
[2026-05-29 11:23:50Z INFO ActionCommandManager] Register action command extension for command echo
[2026-05-29 11:23:50Z INFO ScriptHandler] Which2: 'pwsh'
[2026-05-29 11:23:50Z INFO ScriptHandler] pwsh: command not found. Make sure 'pwsh' is installed and its location included in the 'Path' environment variable.
[2026-05-29 11:23:50Z INFO ScriptHandler] Defaulting to powershell
[2026-05-29 11:23:50Z INFO ScriptHandler] Which2: 'powershell'
[2026-05-29 11:23:50Z INFO ScriptHandler] Location: 'C:\WINDOWS\System32\WindowsPowerShell\v1.0\powershell.EXE'
[2026-05-29 11:23:50Z INFO HostContext] Well known directory 'Bin': 'F:\GitHubActions\actions-runner\bin'
[2026-05-29 11:23:50Z INFO HostContext] Well known directory 'Root': 'F:\GitHubActions\actions-runner'
[2026-05-29 11:23:50Z INFO HostContext] Well known directory 'Work': 'F:\GitHubActions\actions-runner\_work'
[2026-05-29 11:23:50Z INFO HostContext] Well known directory 'Temp': 'F:\GitHubActions\actions-runner\_work\_temp'
[2026-05-29 11:23:50Z INFO ScriptHandler] Which2: 'pwsh'
[2026-05-29 11:23:50Z INFO ScriptHandler] pwsh: command not found. Make sure 'pwsh' is installed and its location included in the 'Path' environment variable.
[2026-05-29 11:23:50Z INFO ScriptHandler] Defaulting to powershell
[2026-05-29 11:23:50Z INFO ScriptHandler] Which2: 'powershell'
[2026-05-29 11:23:50Z INFO ScriptHandler] Location: 'C:\WINDOWS\System32\WindowsPowerShell\v1.0\powershell.EXE'
[2026-05-29 11:23:50Z INFO ProcessInvokerWrapper] Starting process:
[2026-05-29 11:23:50Z INFO ProcessInvokerWrapper]   File name: 'C:\WINDOWS\System32\WindowsPowerShell\v1.0\powershell.EXE'
[2026-05-29 11:23:50Z INFO ProcessInvokerWrapper]   Arguments: '-command ". 'F:\GitHubActions\actions-runner\_work\_temp\3963779d-d07d-4529-ac24-d14e93749894.ps1'"'
[2026-05-29 11:23:50Z INFO ProcessInvokerWrapper]   Working directory: 'F:\GitHubActions\actions-runner\_work\GitHubActions\GitHubActions'
[2026-05-29 11:23:50Z INFO ProcessInvokerWrapper]   Require exit code zero: 'False'
[2026-05-29 11:23:50Z INFO ProcessInvokerWrapper]   Encoding web name:  ; code page: ''
[2026-05-29 11:23:50Z INFO ProcessInvokerWrapper]   Force kill process on cancellation: 'False'
[2026-05-29 11:23:50Z INFO ProcessInvokerWrapper]   Redirected STDIN: 'False'
[2026-05-29 11:23:50Z INFO ProcessInvokerWrapper]   Persist current code page: 'True'
[2026-05-29 11:23:50Z INFO ProcessInvokerWrapper]   Keep redirected STDIN open: 'False'
[2026-05-29 11:23:50Z INFO ProcessInvokerWrapper]   High priority process: 'False'
[2026-05-29 11:23:50Z INFO JobServerQueue] Try to append 1 batches web console lines for record 'f70491b2-8dd4-4f01-b4af-ff87d1ef05c4', success rate: 1/1.
[2026-05-29 11:23:50Z INFO ProcessInvokerWrapper] Process started with process id 14596, waiting for process exit.
[2026-05-29 11:23:51Z INFO ProcessInvokerWrapper] STDOUT/STDERR stream read finished.
[2026-05-29 11:23:51Z INFO ProcessInvokerWrapper] STDOUT/STDERR stream read finished.
[2026-05-29 11:23:51Z INFO ProcessInvokerWrapper] Finished process 14596 with exit code 1, and elapsed time 00:00:01.0146270.
[2026-05-29 11:23:51Z INFO CreateStepSummaryCommand] Step Summary file (F:\GitHubActions\actions-runner\_work\_temp\_runner_file_commands\step_summary_e7c63b33-3ceb-45c0-87fa-36b357a742a3) is empty; skipping attachment upload
[2026-05-29 11:23:51Z INFO StepsRunner] Step result: Failed
[2026-05-29 11:23:51Z INFO ExecutionContext] Publish step telemetry for current step {
  "action": "powershell",
  "type": "run",
  "stage": "Main",
  "stepId": "f70491b2-8dd4-4f01-b4af-ff87d1ef05c4",
  "stepContextName": "__run",
  "result": "failed",
  "errorMessages": [
    "Process completed with exit code 1."
  ],
  "executionTimeInSeconds": 2,
  "startTime": "2026-05-29T11:23:49.5967046Z",
  "finishTime": "2026-05-29T11:23:51.2150243Z"
}.
[2026-05-29 11:23:51Z INFO StepsRunner] Update job result with current step result 'Failed'.
[2026-05-29 11:23:51Z INFO StepsRunner] Current state: job state = 'Failed'
[2026-05-29 11:23:51Z INFO StepsRunner] Processing step: DisplayName='Run actions/checkout@v4'
[2026-05-29 11:23:51Z INFO StepsRunner] Evaluating: success()
[2026-05-29 11:23:51Z INFO StepsRunner] Result: false
[2026-05-29 11:23:51Z INFO StepsRunner] Skipping step due to condition evaluation.
[2026-05-29 11:23:51Z INFO StepsRunner] No need for updating job result with current step result 'Skipped'.
[2026-05-29 11:23:51Z INFO StepsRunner] Current state: job state = 'Failed'
[2026-05-29 11:23:51Z INFO StepsRunner] Processing step: DisplayName='Run pwd && ls -al'
[2026-05-29 11:23:51Z INFO StepsRunner] Evaluating: success()
[2026-05-29 11:23:51Z INFO StepsRunner] Result: false
[2026-05-29 11:23:51Z INFO StepsRunner] Skipping step due to condition evaluation.
[2026-05-29 11:23:51Z INFO StepsRunner] No need for updating job result with current step result 'Skipped'.
[2026-05-29 11:23:51Z INFO StepsRunner] Current state: job state = 'Failed'
[2026-05-29 11:23:51Z INFO StepsRunner] Processing step: DisplayName='Run actions/setup-go@v5'
[2026-05-29 11:23:51Z INFO StepsRunner] Evaluating: success()
[2026-05-29 11:23:51Z INFO StepsRunner] Result: false
[2026-05-29 11:23:51Z INFO StepsRunner] Skipping step due to condition evaluation.
[2026-05-29 11:23:51Z INFO StepsRunner] No need for updating job result with current step result 'Skipped'.
[2026-05-29 11:23:51Z INFO StepsRunner] Current state: job state = 'Failed'
[2026-05-29 11:23:51Z INFO StepsRunner] Processing step: DisplayName='Run go version'
[2026-05-29 11:23:51Z INFO StepsRunner] Evaluating: success()
[2026-05-29 11:23:51Z INFO StepsRunner] Result: false
[2026-05-29 11:23:51Z INFO StepsRunner] Skipping step due to condition evaluation.
[2026-05-29 11:23:51Z INFO StepsRunner] No need for updating job result with current step result 'Skipped'.
[2026-05-29 11:23:51Z INFO StepsRunner] Current state: job state = 'Failed'
[2026-05-29 11:23:51Z INFO StepsRunner] Processing step: DisplayName='Run go version'
[2026-05-29 11:23:51Z INFO StepsRunner] Evaluating: success()
[2026-05-29 11:23:51Z INFO StepsRunner] Result: false
[2026-05-29 11:23:51Z INFO StepsRunner] Skipping step due to condition evaluation.
[2026-05-29 11:23:51Z INFO StepsRunner] No need for updating job result with current step result 'Skipped'.
[2026-05-29 11:23:51Z INFO StepsRunner] Current state: job state = 'Failed'
[2026-05-29 11:23:51Z INFO StepsRunner] Processing step: DisplayName='Run ls'
[2026-05-29 11:23:51Z INFO StepsRunner] Evaluating: success()
[2026-05-29 11:23:51Z INFO StepsRunner] Result: false
[2026-05-29 11:23:51Z INFO StepsRunner] Skipping step due to condition evaluation.
[2026-05-29 11:23:51Z INFO StepsRunner] No need for updating job result with current step result 'Skipped'.
[2026-05-29 11:23:51Z INFO StepsRunner] Current state: job state = 'Failed'
[2026-05-29 11:23:51Z INFO JobRunner] Finalize job.
[2026-05-29 11:23:51Z INFO HostContext] Well known directory 'Bin': 'F:\GitHubActions\actions-runner\bin'
[2026-05-29 11:23:51Z INFO HostContext] Well known directory 'Root': 'F:\GitHubActions\actions-runner'
[2026-05-29 11:23:51Z INFO HostContext] Well known directory 'Diag': 'F:\GitHubActions\actions-runner\_diag'
[2026-05-29 11:23:51Z INFO HostContext] Well known directory 'Bin': 'F:\GitHubActions\actions-runner\bin'
[2026-05-29 11:23:51Z INFO HostContext] Well known directory 'Root': 'F:\GitHubActions\actions-runner'
[2026-05-29 11:23:51Z INFO HostContext] Well known directory 'Diag': 'F:\GitHubActions\actions-runner\_diag'
[2026-05-29 11:23:51Z INFO JobExtension] Initialize Env context
[2026-05-29 11:23:51Z INFO JobExtension] Initialize steps context
[2026-05-29 11:23:51Z INFO JobExtension] Total accessible running process: 241.
[2026-05-29 11:23:51Z INFO JobExtension] Wait for all connectivity checks to finish.
[2026-05-29 11:23:51Z INFO JobExtension] Connectivity check result: GitHub.Runner.Worker.JobExtension+CheckResult
[2026-05-29 11:23:51Z INFO JobExtension] Connectivity check result: GitHub.Runner.Worker.JobExtension+CheckResult
[2026-05-29 11:23:51Z INFO JobExtension] Connectivity check result: GitHub.Runner.Worker.JobExtension+CheckResult
[2026-05-29 11:23:51Z INFO ExecutionContext] Publish step telemetry for current step {
  "action": "complete_job",
  "type": "runner",
  "stage": "Post",
  "stepId": "1747a6d8-9a11-414d-8df2-aaaa941a3d2d",
  "result": "succeeded",
  "errorMessages": [],
  "executionTimeInSeconds": 1,
  "startTime": "2026-05-29T11:23:51.2665779Z",
  "finishTime": "2026-05-29T11:23:51.27243Z"
}.
[2026-05-29 11:23:51Z INFO JobRunner] Job result after all job steps finish: Failed
[2026-05-29 11:23:51Z INFO JobRunner] Completing the job execution context.
[2026-05-29 11:23:51Z INFO JobRunner] Shutting down the job server queue.
[2026-05-29 11:23:51Z INFO JobServerQueue] Fire signal to shutdown all queues.
[2026-05-29 11:24:01Z INFO JobServerQueue] Tried to upload 1 file(s) to results, success rate: 1/1.
[2026-05-29 11:24:02Z INFO JobServerQueue] All queue process task stopped.
[2026-05-29 11:24:02Z INFO JobServerQueue] Try to append 1 batches web console lines for record 'f70491b2-8dd4-4f01-b4af-ff87d1ef05c4', success rate: 1/1.
[2026-05-29 11:24:02Z INFO JobServerQueue] Try to append 1 batches web console lines for record '1747a6d8-9a11-414d-8df2-aaaa941a3d2d', success rate: 1/1.
[2026-05-29 11:24:02Z INFO JobServerQueue] Web console line queue drained.
[2026-05-29 11:24:02Z INFO JobServerQueue] Uploading 3 files in one shot.
[2026-05-29 11:24:02Z INFO JobServerQueue] Try to upload 3 log files or attachments, success rate: 3/3.
[2026-05-29 11:24:02Z INFO JobServerQueue] File upload queue drained.
[2026-05-29 11:24:02Z INFO JobServerQueue] Starting results-based upload queue...
[2026-05-29 11:24:02Z INFO JobServerQueue] Uploading 3 file(s) in one shot through results service.
[2026-05-29 11:24:02Z INFO JobServerQueue] Got a step log file to send to results service.
[2026-05-29 11:24:02Z INFO JobServerQueue] Starting upload of step log file to results service ResultsLog, F:\GitHubActions\actions-runner\_diag\blocks\7cd1e666-9b24-4299-9fa5-a72ac3a704e9_f70491b2-8dd4-4f01-b4af-ff87d1ef05c4.1
[2026-05-29 11:24:02Z INFO JobServerQueue] Got a step log file to send to results service.
[2026-05-29 11:24:02Z INFO JobServerQueue] Starting upload of step log file to results service ResultsLog, F:\GitHubActions\actions-runner\_diag\blocks\7cd1e666-9b24-4299-9fa5-a72ac3a704e9_1747a6d8-9a11-414d-8df2-aaaa941a3d2d.1
[2026-05-29 11:24:02Z INFO JobServerQueue] Got a job log file to send to results service.
[2026-05-29 11:24:02Z INFO JobServerQueue] Starting upload of job log file to results service ResultsLog, F:\GitHubActions\actions-runner\_diag\blocks\7cd1e666-9b24-4299-9fa5-a72ac3a704e9_b44a9261-02cc-59f1-8bd8-52bff52428e6.1
[2026-05-29 11:24:03Z INFO JobServerQueue] Tried to upload 3 file(s) to results, success rate: 3/3.
[2026-05-29 11:24:03Z INFO JobServerQueue] Results upload queue drained.
[2026-05-29 11:24:03Z INFO JobServerQueue] Timeline update queue drained.
[2026-05-29 11:24:03Z INFO JobServerQueue] Disposing job server ...
[2026-05-29 11:24:03Z INFO JobServerQueue] Disposing results server ...
[2026-05-29 11:24:03Z INFO JobServerQueue] All queue process tasks have been stopped, and all queues are drained.
[2026-05-29 11:24:03Z INFO TempDirectoryManager] Cleaning runner temp folder: F:\GitHubActions\actions-runner\_work\_temp
[2026-05-29 11:24:03Z INFO HostContext] Well known directory 'Bin': 'F:\GitHubActions\actions-runner\bin'
[2026-05-29 11:24:03Z INFO HostContext] Well known directory 'Root': 'F:\GitHubActions\actions-runner'
[2026-05-29 11:24:03Z INFO HostContext] Well known directory 'Diag': 'F:\GitHubActions\actions-runner\_diag'
[2026-05-29 11:24:03Z INFO HostContext] Well known config file 'Telemetry': 'F:\GitHubActions\actions-runner\_diag\.telemetry'
[2026-05-29 11:24:03Z INFO JobRunner] Raising job completed against run service
[2026-05-29 11:24:03Z INFO Worker] Job completed.
